timestamp,test_case_id,device_type,csv_file,inference_time_ms,cpu_percent,memory_mb,disk_read_mb,disk_write_mb
2025-05-01T12:56:29.963104,1,motor_monitor,motor_monitor_0_unified.csv,3533.31,5.15,13624.68,0.0625,0.7539
2025-05-01T12:56:36.888401,1,bale_counter,bale_counter_0_unified.csv,6922.59,2.1,13702.41,0.0156,0.8242
2025-05-01T12:56:43.732273,1,output_sensor,output_sensor_0_unified.csv,6842.35,2.05,13670.56,0.0312,1.3164
2025-05-01T12:56:51.235347,1,temperature_sensor,temperature_sensor_0_unified.csv,7501.1,2.35,13828.19,2.2578,18.5547
2025-05-01T12:56:54.494801,1,motor_monitor,motor_monitor_0_unified.csv,3257.02,2.2,13834.81,0.0625,6.207
2025-05-01T12:57:01.393358,1,bale_counter,bale_counter_0_unified.csv,6896.2,1.9,13886.62,0.25,11.543
2025-05-01T12:57:08.891648,1,output_sensor,output_sensor_0_unified.csv,7497.74,1.8,13821.95,0.2812,4.332
2025-05-01T12:57:16.207795,1,temperature_sensor,temperature_sensor_0_unified.csv,7314.55,1.8,13849.04,0.0312,0.9766
2025-05-01T12:57:19.524603,1,motor_monitor,motor_monitor_0_unified.csv,3315.25,2.3,13838.36,0.0,0.8906
2025-05-01T12:57:26.598553,1,bale_counter,bale_counter_0_unified.csv,7072.31,1.8,13875.79,0.0,0.3633
2025-05-01T12:57:34.146259,1,output_sensor,output_sensor_0_unified.csv,7546.7,1.65,13802.18,0.0156,0.5508
2025-05-01T12:57:41.335618,1,temperature_sensor,temperature_sensor_0_unified.csv,7186.15,2.1,13851.32,0.0312,1.3086
2025-05-01T12:57:44.761014,1,motor_monitor,motor_monitor_0_unified.csv,3423.22,2.75,13879.34,0.0,0.3359
2025-05-01T12:57:52.727324,1,bale_counter,bale_counter_0_unified.csv,7965.75,1.8,13842.04,0.4688,14.9922
2025-05-01T12:57:59.918313,1,output_sensor,output_sensor_0_unified.csv,7189.99,1.85,13859.65,0.0234,8.7148
2025-05-01T12:58:06.966932,1,temperature_sensor,temperature_sensor_0_unified.csv,7047.19,1.8,13888.9,0.0,1.0859
2025-05-01T12:58:10.232157,1,motor_monitor,motor_monitor_0_unified.csv,3261.58,2.35,13900.16,0.0625,0.4727
2025-05-01T12:58:18.014441,1,bale_counter,bale_counter_0_unified.csv,7780.25,1.85,13736.6,0.0156,0.7031
2025-05-01T12:58:25.141514,1,output_sensor,output_sensor_0_unified.csv,7125.75,2.05,13749.02,0.0,0.5
2025-05-01T12:58:32.327054,1,temperature_sensor,temperature_sensor_0_unified.csv,7184.03,2.15,13765.51,0.0938,2.1445
2025-05-01T12:58:35.772576,1,motor_monitor,motor_monitor_0_unified.csv,3443.98,2.45,13739.82,0.0,0.2812
2025-05-01T12:58:43.737604,1,bale_counter,bale_counter_0_unified.csv,7963.22,1.7,13754.43,0.0156,0.8398
2025-05-01T12:58:51.021767,1,output_sensor,output_sensor_0_unified.csv,7282.66,2.0,13738.28,0.0469,1.4922
2025-05-01T12:58:58.179103,1,temperature_sensor,temperature_sensor_0_unified.csv,7156.25,1.7,13761.35,0.0,0.3594
2025-05-01T12:59:01.811155,1,motor_monitor,motor_monitor_0_unified.csv,3628.81,2.9,13948.91,0.0,0.6758
2025-05-01T12:59:09.767175,1,bale_counter,bale_counter_0_unified.csv,7954.92,1.9,13916.27,0.9531,12.9531
2025-05-01T12:59:16.999264,1,output_sensor,output_sensor_0_unified.csv,7226.78,1.65,13910.48,0.2656,11.2891
2025-05-01T12:59:24.010744,1,temperature_sensor,temperature_sensor_0_unified.csv,7008.81,1.75,13949.73,0.0,0.7461
2025-05-01T12:59:27.474403,1,motor_monitor,motor_monitor_0_unified.csv,3460.64,18.85,13919.05,0.0,0.3359
2025-05-01T12:59:35.566637,1,bale_counter,bale_counter_0_unified.csv,8092.23,1.65,13894.59,0.0,0.7539
2025-05-01T12:59:43.026407,1,output_sensor,output_sensor_0_unified.csv,7456.72,2.1,13956.05,0.0312,0.8008
2025-05-01T12:59:50.990212,1,temperature_sensor,temperature_sensor_0_unified.csv,7961.8,1.75,13926.89,0.0,12.0938
2025-05-01T12:59:54.309918,1,motor_monitor,motor_monitor_0_unified.csv,3317.57,2.2,13933.04,0.2812,5.125
2025-05-01T13:00:02.073126,1,bale_counter,bale_counter_0_unified.csv,7761.21,1.85,13957.57,0.6719,9.3555
2025-05-01T13:00:09.118616,1,output_sensor,output_sensor_0_unified.csv,7044.49,1.95,13943.99,0.0,3.957
2025-05-01T13:00:17.503336,1,temperature_sensor,temperature_sensor_0_unified.csv,8380.01,1.75,13941.27,0.0156,1.0547
2025-05-01T13:00:20.797629,1,motor_monitor,motor_monitor_0_unified.csv,3292.06,2.4,13919.88,0.0,0.2773
2025-05-01T13:00:28.157739,1,bale_counter,bale_counter_0_unified.csv,7358.04,2.1,13932.56,0.0039,1.0
2025-05-01T13:00:35.997242,1,output_sensor,output_sensor_0_unified.csv,7837.0,1.75,13806.44,0.125,2.457
2025-05-01T13:00:43.439912,1,temperature_sensor,temperature_sensor_0_unified.csv,7439.22,1.75,13802.8,0.2031,1.9883
2025-05-01T13:00:46.703078,1,motor_monitor,motor_monitor_0_unified.csv,3260.94,2.05,13797.4,0.0,0.1758
2025-05-01T13:00:54.402683,1,bale_counter,bale_counter_0_unified.csv,7697.46,1.85,13801.84,0.0,1.0
2025-05-01T13:01:02.099424,1,output_sensor,output_sensor_0_unified.csv,7693.62,2.0,13821.43,0.0,1.9219
2025-05-01T13:01:09.430269,1,temperature_sensor,temperature_sensor_0_unified.csv,7328.73,1.75,13828.97,0.0,0.875
2025-05-01T13:01:12.715606,1,motor_monitor,motor_monitor_0_unified.csv,3282.97,2.55,13837.86,0.0,0.1836
2025-05-01T13:01:20.915960,1,bale_counter,bale_counter_0_unified.csv,8198.05,1.55,13819.22,0.0,1.1367
2025-05-01T13:01:28.411405,1,output_sensor,output_sensor_0_unified.csv,7494.42,1.95,13824.69,0.3594,3.8555
2025-05-01T13:01:35.772898,1,temperature_sensor,temperature_sensor_0_unified.csv,7358.5,2.0,13817.47,0.0508,0.9062
2025-05-01T13:01:39.196730,1,motor_monitor,motor_monitor_0_unified.csv,3420.9,2.6,13799.8,0.0,0.4375
2025-05-01T13:01:47.375003,1,bale_counter,bale_counter_0_unified.csv,8174.9,1.95,13961.14,0.2656,4.4531
2025-05-01T13:01:54.879322,1,output_sensor,output_sensor_0_unified.csv,7499.91,1.9,13957.43,0.0,13.4297
2025-05-01T13:02:02.246064,1,temperature_sensor,temperature_sensor_0_unified.csv,7364.19,1.8,13948.58,0.0,6.207
2025-05-01T13:02:05.700372,1,motor_monitor,motor_monitor_0_unified.csv,3450.3,2.25,13947.33,0.0469,1.3984
2025-05-01T13:02:13.652099,1,bale_counter,bale_counter_0_unified.csv,7949.07,1.65,13933.04,0.0,1.7891
2025-05-01T13:02:20.926220,1,output_sensor,output_sensor_0_unified.csv,7271.61,5.5,13935.52,0.375,0.9062
2025-05-01T13:02:28.390022,1,temperature_sensor,temperature_sensor_0_unified.csv,7458.11,1.8,13808.95,0.0,0.707
2025-05-01T13:02:31.689462,1,motor_monitor,motor_monitor_0_unified.csv,3296.64,2.55,13802.69,0.0,0.4375
2025-05-01T13:02:39.480203,1,bale_counter,bale_counter_0_unified.csv,7789.11,1.7,13802.79,0.0,0.4062
2025-05-01T13:02:46.682129,1,output_sensor,output_sensor_0_unified.csv,7200.92,1.8,13814.92,0.0,1.3281
2025-05-01T13:02:54.895051,1,temperature_sensor,temperature_sensor_0_unified.csv,8209.78,1.8,13843.71,0.0,1.4609
2025-05-01T13:02:58.177104,1,motor_monitor,motor_monitor_0_unified.csv,3280.23,2.3,13837.89,0.0,0.6406
2025-05-01T13:03:05.457237,1,bale_counter,bale_counter_0_unified.csv,7278.46,2.05,13852.97,0.0156,0.75
2025-05-01T13:03:12.672627,1,output_sensor,output_sensor_0_unified.csv,7211.85,1.7,13849.36,0.0,0.6836
2025-05-01T13:03:20.782319,1,temperature_sensor,temperature_sensor_0_unified.csv,8106.64,1.95,13866.35,5.5366,11.0039
2025-05-01T13:03:24.157036,1,motor_monitor,motor_monitor_0_unified.csv,3372.74,2.9,13866.42,0.9297,5.2344
2025-05-01T13:03:31.526180,1,bale_counter,bale_counter_0_unified.csv,7366.61,2.15,13838.27,2.6992,24.6172
2025-05-01T13:03:38.837077,1,output_sensor,output_sensor_0_unified.csv,7308.83,1.65,13830.31,0.0156,0.6602
2025-05-01T13:03:46.628694,1,temperature_sensor,temperature_sensor_0_unified.csv,7789.21,2.0,13992.43,0.1094,3.6016
2025-05-01T13:03:49.924407,1,motor_monitor,motor_monitor_0_unified.csv,3292.64,2.3,14015.89,0.625,7.3789
2025-05-01T13:03:57.293327,1,bale_counter,bale_counter_0_unified.csv,7364.56,2.0,13982.7,0.125,13.3477
2025-05-01T13:04:05.057231,1,output_sensor,output_sensor_0_unified.csv,7761.45,1.7,13995.61,0.3594,5.4961
2025-05-01T13:04:12.635430,1,temperature_sensor,temperature_sensor_0_unified.csv,7575.68,1.75,13991.22,0.0,0.6133
2025-05-01T13:04:15.956536,1,motor_monitor,motor_monitor_0_unified.csv,3319.09,2.55,13982.65,0.0,0.3711
2025-05-01T13:04:23.601359,1,bale_counter,bale_counter_0_unified.csv,7642.03,1.85,13964.14,0.0,0.582
2025-05-01T13:04:31.519067,1,output_sensor,output_sensor_0_unified.csv,7915.19,1.75,13831.34,0.0,0.6562
2025-05-01T13:04:39.002384,1,temperature_sensor,temperature_sensor_0_unified.csv,7481.3,1.85,13855.54,0.0,0.5625
2025-05-01T13:04:42.320846,1,motor_monitor,motor_monitor_0_unified.csv,3315.7,2.3,13849.69,0.0,0.6172
2025-05-01T13:04:50.628217,1,bale_counter,bale_counter_0_unified.csv,8304.58,1.85,13853.27,0.0156,0.7852
2025-05-01T13:04:58.080378,1,output_sensor,output_sensor_0_unified.csv,7450.36,1.85,13854.51,0.0,0.4727
2025-05-01T13:05:05.752108,1,temperature_sensor,temperature_sensor_0_unified.csv,7669.36,2.05,14015.02,0.0,7.0977
2025-05-01T13:05:09.107423,1,motor_monitor,motor_monitor_0_unified.csv,3353.87,2.6,14030.5,0.0234,4.75
2025-05-01T13:05:17.160946,1,bale_counter,bale_counter_0_unified.csv,8051.81,1.9,13992.88,2.5938,15.7109
2025-05-01T13:05:24.601785,1,output_sensor,output_sensor_0_unified.csv,7438.43,1.85,13990.21,0.0625,2.375
2025-05-01T13:05:31.890335,1,temperature_sensor,temperature_sensor_0_unified.csv,7286.65,2.05,13955.09,0.0,1.3281
2025-05-01T13:05:35.349021,1,motor_monitor,motor_monitor_0_unified.csv,3456.4,2.4,13951.78,0.0,0.3672
2025-05-01T13:05:43.192862,1,bale_counter,bale_counter_0_unified.csv,7842.1,1.8,13838.84,0.0,1.2891
2025-05-01T13:05:50.570917,1,output_sensor,output_sensor_0_unified.csv,7375.66,2.25,14000.88,0.0,5.9766
2025-05-01T13:05:57.966212,1,temperature_sensor,temperature_sensor_0_unified.csv,7393.29,1.9,13982.41,0.0,11.2266
2025-05-01T13:06:01.482302,1,motor_monitor,motor_monitor_0_unified.csv,3512.44,2.1,13984.03,0.0,6.0039
2025-05-01T13:06:09.322396,1,bale_counter,bale_counter_0_unified.csv,7839.0,1.85,13986.73,0.1406,1.8281
2025-05-01T13:06:17.298810,1,output_sensor,output_sensor_0_unified.csv,7973.78,1.8,13975.23,0.1875,0.9258
2025-05-01T13:06:24.455758,1,temperature_sensor,temperature_sensor_0_unified.csv,7155.9,2.0,13986.31,0.0781,0.8164
2025-05-01T13:06:27.905077,1,motor_monitor,motor_monitor_0_unified.csv,3447.36,2.2,13953.96,0.0156,0.1602
2025-05-01T13:06:35.789167,1,bale_counter,bale_counter_0_unified.csv,7882.85,1.8,13831.6,0.2031,1.3672
2025-05-01T13:06:43.058051,1,output_sensor,output_sensor_0_unified.csv,7267.86,1.8,13836.54,0.0156,0.9844
2025-05-01T13:06:51.264147,1,temperature_sensor,temperature_sensor_0_unified.csv,8203.83,2.0,14069.94,0.0625,1.3984
2025-05-01T13:06:54.633694,1,motor_monitor,motor_monitor_0_unified.csv,3368.08,2.6,14041.03,0.1445,5.7969
2025-05-01T13:07:02.303757,1,bale_counter,bale_counter_0_unified.csv,7667.83,1.85,14043.44,0.0469,11.0859
2025-05-01T13:07:09.479724,1,output_sensor,output_sensor_0_unified.csv,7173.03,1.6,13988.93,0.0781,8.6562
2025-05-01T13:07:17.253123,1,temperature_sensor,temperature_sensor_0_unified.csv,7770.51,10.1,13973.23,0.0,1.0898
2025-05-01T13:07:20.557262,1,motor_monitor,motor_monitor_0_unified.csv,3302.07,2.65,13957.29,0.0,0.4141
2025-05-01T13:07:28.107026,1,bale_counter,bale_counter_0_unified.csv,7548.74,2.1,13866.71,0.1562,1.1445
2025-05-01T13:07:35.886432,1,output_sensor,output_sensor_0_unified.csv,7777.4,1.8,13841.71,0.1875,1.4688
2025-05-01T13:07:43.154978,1,temperature_sensor,temperature_sensor_0_unified.csv,7265.98,2.2,13836.64,0.1094,0.9648
2025-05-01T13:07:46.512032,1,motor_monitor,motor_monitor_0_unified.csv,3354.06,2.75,14003.57,0.0,0.1211
2025-05-01T13:07:53.931196,1,bale_counter,bale_counter_0_unified.csv,7416.18,2.35,14013.48,0.1406,8.3516
2025-05-01T13:08:01.426639,1,output_sensor,output_sensor_0_unified.csv,7493.86,1.8,13981.04,0.1562,13.2578
2025-05-01T13:08:08.684772,1,temperature_sensor,temperature_sensor_0_unified.csv,7256.14,2.1,13983.14,0.2656,3.6133
2025-05-01T13:08:11.997183,1,motor_monitor,motor_monitor_0_unified.csv,3310.0,2.75,14028.89,0.0625,0.5469
2025-05-01T13:08:19.935673,1,bale_counter,bale_counter_0_unified.csv,7936.49,2.2,14012.68,0.0469,1.4336
2025-05-01T13:08:27.448472,1,output_sensor,output_sensor_0_unified.csv,7510.67,1.9,14013.63,0.0156,1.5195
2025-05-01T13:08:34.703489,1,temperature_sensor,temperature_sensor_0_unified.csv,7253.0,2.1,13888.84,0.0156,1.3555
2025-05-01T13:08:38.010262,1,motor_monitor,motor_monitor_0_unified.csv,3303.68,2.8,13927.92,0.0,1.1328
2025-05-01T13:08:45.930585,1,bale_counter,bale_counter_0_unified.csv,7917.81,1.95,13892.21,0.0,1.0469
2025-05-01T13:08:53.322885,1,output_sensor,output_sensor_0_unified.csv,7390.15,1.8,13886.26,0.0352,1.4023
2025-05-01T13:09:00.633035,1,temperature_sensor,temperature_sensor_0_unified.csv,7308.5,2.1,14055.52,0.0,0.457
2025-05-01T13:09:04.112304,1,motor_monitor,motor_monitor_0_unified.csv,3477.05,3.15,14021.11,0.1875,4.0977
2025-05-01T13:09:11.706748,1,bale_counter,bale_counter_0_unified.csv,7592.83,1.65,13993.91,0.0,11.3047
2025-05-01T13:09:18.962169,1,output_sensor,output_sensor_0_unified.csv,7255.42,1.8,14001.72,1.3438,9.875
2025-05-01T13:09:26.152754,1,temperature_sensor,temperature_sensor_0_unified.csv,7189.05,1.8,13994.42,0.0625,1.1719
2025-05-01T13:09:29.614860,1,motor_monitor,motor_monitor_0_unified.csv,3460.1,2.5,13986.08,0.1133,1.9141
2025-05-01T13:09:37.183742,1,bale_counter,bale_counter_0_unified.csv,7568.88,1.9,13857.24,0.0312,0.793
2025-05-01T13:09:44.396147,1,output_sensor,output_sensor_0_unified.csv,7210.33,1.85,13859.25,0.0,0.9219
2025-05-01T13:09:51.727479,1,temperature_sensor,temperature_sensor_0_unified.csv,7330.59,2.25,14032.91,0.0,6.1953
2025-05-01T13:09:55.160768,1,motor_monitor,motor_monitor_0_unified.csv,3431.45,2.45,14012.98,0.0,4.1133
2025-05-01T13:10:02.740068,1,bale_counter,bale_counter_0_unified.csv,7576.56,2.05,14064.05,0.0,13.1328
2025-05-01T13:10:10.007238,1,output_sensor,output_sensor_0_unified.csv,7266.32,1.95,14031.99,0.2344,5.9062
2025-05-01T13:10:17.629564,1,temperature_sensor,temperature_sensor_0_unified.csv,7619.11,1.8,13983.96,0.0156,1.2344
2025-05-01T13:10:20.877272,1,motor_monitor,motor_monitor_0_unified.csv,3243.0,2.35,13882.12,0.0,0.5352
2025-05-01T13:10:28.337869,1,bale_counter,bale_counter_0_unified.csv,7457.72,2.05,13878.03,0.0,1.3164
2025-05-01T13:10:35.665222,1,output_sensor,output_sensor_0_unified.csv,7324.85,1.95,13852.68,0.0,0.8281
2025-05-01T13:10:42.941642,1,temperature_sensor,temperature_sensor_0_unified.csv,7272.46,1.85,13846.94,0.0,0.5469
2025-05-01T13:10:46.190525,1,motor_monitor,motor_monitor_0_unified.csv,3244.13,2.45,13860.05,0.0,0.1758
2025-05-01T13:10:53.513141,1,bale_counter,bale_counter_0_unified.csv,7320.56,2.2,13874.31,0.0,1.6875
2025-05-01T13:11:01.237084,1,output_sensor,output_sensor_0_unified.csv,7720.89,2.0,14066.48,0.0,0.7344
2025-05-01T13:11:08.598011,1,temperature_sensor,temperature_sensor_0_unified.csv,7357.85,1.9,14045.59,0.0,10.2148
2025-05-01T13:11:11.873752,1,motor_monitor,motor_monitor_0_unified.csv,3272.68,1.9,14029.75,0.0,6.9922
2025-05-01T13:11:19.335428,1,bale_counter,bale_counter_0_unified.csv,7459.12,2.3,14012.51,0.0166,6.4336
2025-05-01T13:11:26.679661,1,output_sensor,output_sensor_0_unified.csv,7340.19,1.85,14028.05,0.0156,1.7461
2025-05-01T13:11:33.942299,1,temperature_sensor,temperature_sensor_0_unified.csv,7259.01,1.95,14004.04,0.0,0.707
2025-05-01T13:11:37.210362,1,motor_monitor,motor_monitor_0_unified.csv,3264.39,2.6,14007.7,0.0,0.1875
2025-05-01T13:11:45.031219,1,bale_counter,bale_counter_0_unified.csv,7817.17,2.0,13866.16,0.0156,1.293
2025-05-01T13:11:52.525088,1,output_sensor,output_sensor_0_unified.csv,7493.32,2.3,14043.84,0.0,5.082
2025-05-01T13:11:59.739794,1,temperature_sensor,temperature_sensor_0_unified.csv,7213.7,1.7,14029.73,0.0,13.0898
2025-05-01T13:12:03.163637,1,motor_monitor,motor_monitor_0_unified.csv,3419.03,2.3,14015.4,0.0,4.168
2025-05-01T13:12:10.741231,1,bale_counter,bale_counter_0_unified.csv,7576.48,1.7,14018.09,0.0156,3.6602
2025-05-01T13:12:18.026870,1,output_sensor,output_sensor_0_unified.csv,7282.92,2.15,14015.79,0.375,0.8789
2025-05-01T13:12:25.258775,1,temperature_sensor,temperature_sensor_0_unified.csv,7230.86,1.95,14014.63,0.0156,1.7461
2025-05-01T13:12:28.666058,1,motor_monitor,motor_monitor_0_unified.csv,3405.83,2.6,14016.55,0.0,0.0859
2025-05-01T13:12:36.186853,1,bale_counter,bale_counter_0_unified.csv,7519.79,2.15,13904.68,0.0,0.832
2025-05-01T13:12:43.452088,1,output_sensor,output_sensor_0_unified.csv,7262.91,1.7,13907.88,0.0,1.0117
2025-05-01T13:12:50.551599,1,temperature_sensor,temperature_sensor_0_unified.csv,7097.5,2.2,13896.63,0.0,0.9961
2025-05-01T13:12:53.982540,1,motor_monitor,motor_monitor_0_unified.csv,3427.46,2.3,13891.98,0.0625,0.7617
2025-05-01T13:13:01.470671,1,bale_counter,bale_counter_0_unified.csv,7484.89,2.0,13894.25,0.0156,0.7969
2025-05-01T13:13:08.642202,1,output_sensor,output_sensor_0_unified.csv,7168.51,1.8,13893.82,0.0,0.6133
2025-05-01T13:13:15.942083,1,temperature_sensor,temperature_sensor_0_unified.csv,7299.88,1.85,13888.55,0.0,0.6523
2025-05-01T13:13:19.213861,1,motor_monitor,motor_monitor_0_unified.csv,3268.3,2.6,13889.02,0.0,1.1055
2025-05-01T13:13:26.533070,1,bale_counter,bale_counter_0_unified.csv,7317.96,1.95,13946.4,0.0,0.6328
2025-05-01T13:13:33.587542,1,output_sensor,output_sensor_0_unified.csv,7050.64,1.9,13929.71,0.0,0.4141
2025-05-01T13:13:41.124394,1,temperature_sensor,temperature_sensor_0_unified.csv,7534.54,1.8,13927.73,0.0,1.0977
2025-05-01T13:13:44.375283,1,motor_monitor,motor_monitor_0_unified.csv,3248.79,2.25,13878.28,0.0,0.0781
2025-05-01T13:13:51.891700,1,bale_counter,bale_counter_0_unified.csv,7514.24,2.55,13989.48,0.0156,4.8359
2025-05-01T13:13:59.148500,1,output_sensor,output_sensor_0_unified.csv,7254.06,1.9,13991.5,0.0,11.1484
2025-05-01T13:14:06.417503,1,temperature_sensor,temperature_sensor_0_unified.csv,7268.55,1.95,13988.55,0.1094,8.6758
2025-05-01T13:14:09.679823,1,motor_monitor,motor_monitor_0_unified.csv,3257.2,2.45,13982.34,0.0,0.418
2025-05-01T13:14:16.842561,1,bale_counter,bale_counter_0_unified.csv,7161.46,1.9,14005.28,0.0,0.5625
2025-05-01T13:14:24.280387,1,output_sensor,output_sensor_0_unified.csv,7435.0,1.95,13973.77,0.0,0.625
2025-05-01T13:14:31.475693,1,temperature_sensor,temperature_sensor_0_unified.csv,7193.19,1.7,13842.96,0.0,1.1523
2025-05-01T13:14:34.716152,1,motor_monitor,motor_monitor_0_unified.csv,3237.38,2.45,13837.84,0.0,0.1562
2025-05-01T13:14:41.989402,1,bale_counter,bale_counter_0_unified.csv,7270.2,2.25,13844.61,0.0,1.1914
2025-05-01T13:14:49.439201,1,output_sensor,output_sensor_0_unified.csv,7447.68,2.0,13839.08,0.0,0.5938
2025-05-01T13:14:56.594913,1,temperature_sensor,temperature_sensor_0_unified.csv,7153.77,1.85,13851.16,0.0,0.8906
2025-05-01T13:14:59.857438,1,motor_monitor,motor_monitor_0_unified.csv,3261.01,2.55,13884.0,0.0,0.3008
2025-05-01T13:15:07.514359,1,bale_counter,bale_counter_0_unified.csv,7653.26,1.85,13862.0,0.0,0.7266
2025-05-01T13:15:14.735832,1,output_sensor,output_sensor_0_unified.csv,7220.95,1.75,13870.72,0.0,0.7539
2025-05-01T13:15:21.820908,1,temperature_sensor,temperature_sensor_0_unified.csv,7082.38,1.8,13859.47,0.0,0.5859
2025-05-01T13:15:25.069342,1,motor_monitor,motor_monitor_0_unified.csv,3246.42,2.45,13902.06,0.0,0.3945
2025-05-01T13:15:32.834793,1,bale_counter,bale_counter_0_unified.csv,7763.33,1.8,13863.91,0.1094,1.3242
2025-05-01T13:15:40.127100,1,output_sensor,output_sensor_0_unified.csv,7289.55,1.85,13857.75,0.1406,0.7422
2025-05-01T13:15:47.357223,1,temperature_sensor,temperature_sensor_0_unified.csv,7229.13,2.0,13852.59,0.0469,1.0
2025-05-01T13:15:50.847532,1,motor_monitor,motor_monitor_0_unified.csv,3488.2,2.75,14032.12,0.0,0.5938
2025-05-01T13:15:58.436484,1,bale_counter,bale_counter_0_unified.csv,7588.95,1.85,14019.09,0.0781,9.875
2025-05-01T13:16:05.684921,1,output_sensor,output_sensor_0_unified.csv,7245.98,1.8,14005.17,0.6719,11.9297
2025-05-01T13:16:12.833748,1,temperature_sensor,temperature_sensor_0_unified.csv,7146.84,1.8,14019.37,0.0938,2.7539
2025-05-01T13:16:16.292972,1,motor_monitor,motor_monitor_0_unified.csv,3457.15,2.45,14020.5,0.0781,0.3945
2025-05-01T13:16:23.911155,1,bale_counter,bale_counter_0_unified.csv,7616.51,1.75,13979.86,0.2188,2.7031
2025-05-01T13:16:31.211194,1,output_sensor,output_sensor_0_unified.csv,7298.26,1.95,13968.68,0.0625,1.3438
2025-05-01T13:16:38.355120,1,temperature_sensor,temperature_sensor_0_unified.csv,7142.04,2.0,13972.75,0.0,0.4062
2025-05-01T13:16:41.739916,1,motor_monitor,motor_monitor_0_unified.csv,3382.36,2.3,13968.81,0.0,0.5508
2025-05-01T13:16:49.201709,1,bale_counter,bale_counter_0_unified.csv,7461.27,2.25,13871.79,0.0,0.5938
2025-05-01T13:16:56.472085,1,output_sensor,output_sensor_0_unified.csv,7268.39,2.1,14048.76,0.0312,4.2344
2025-05-01T13:17:03.980710,1,temperature_sensor,temperature_sensor_0_unified.csv,7507.07,1.8,14008.5,0.0,12.9609
2025-05-01T13:17:07.231164,1,motor_monitor,motor_monitor_0_unified.csv,3248.44,7.85,14007.9,0.0,4.1992
2025-05-01T13:17:14.594553,1,bale_counter,bale_counter_0_unified.csv,7362.61,7.4,14003.74,0.0312,2.9766
2025-05-01T13:17:21.851888,1,output_sensor,output_sensor_0_unified.csv,7253.39,1.95,14001.2,0.1562,1.0547
2025-05-01T13:17:29.121263,1,temperature_sensor,temperature_sensor_0_unified.csv,7266.73,1.75,13970.79,0.0156,1.1641
2025-05-01T13:17:32.381296,1,motor_monitor,motor_monitor_0_unified.csv,3255.63,2.5,13979.32,0.0,0.5938
2025-05-01T13:17:39.586550,1,bale_counter,bale_counter_0_unified.csv,7202.42,1.85,13984.27,0.0,0.3398
2025-05-01T13:17:47.029896,1,output_sensor,output_sensor_0_unified.csv,7440.38,1.65,13860.15,0.0,0.7773
2025-05-01T13:17:54.413306,1,temperature_sensor,temperature_sensor_0_unified.csv,7382.15,2.25,14039.98,0.0469,4.3164
2025-05-01T13:17:57.689862,1,motor_monitor,motor_monitor_0_unified.csv,3274.4,2.55,14023.29,0.4844,4.5547
2025-05-01T13:18:05.029655,1,bale_counter,bale_counter_0_unified.csv,7337.06,2.0,13997.62,0.0,13.0742
2025-05-01T13:18:12.349369,1,output_sensor,output_sensor_0_unified.csv,7318.43,1.95,14008.63,0.0,2.7227
2025-05-01T13:18:19.551557,1,temperature_sensor,temperature_sensor_0_unified.csv,7198.39,2.05,14007.08,0.0,0.3359
2025-05-01T13:18:22.808650,1,motor_monitor,motor_monitor_0_unified.csv,3253.34,2.4,13990.19,0.0,0.3516
2025-05-01T13:18:30.491417,1,bale_counter,bale_counter_0_unified.csv,7680.73,2.05,13985.14,0.0156,0.9766
2025-05-01T13:18:37.731404,1,output_sensor,output_sensor_0_unified.csv,7237.02,1.9,13988.31,0.0,0.5859
2025-05-01T13:18:44.944905,1,temperature_sensor,temperature_sensor_0_unified.csv,7211.56,1.75,13867.02,0.0,1.5352
2025-05-01T13:18:48.354672,1,motor_monitor,motor_monitor_0_unified.csv,3405.7,2.45,13877.05,0.0,0.1797
2025-05-01T13:18:55.892794,1,bale_counter,bale_counter_0_unified.csv,7535.44,2.15,13898.67,0.0156,0.9648
2025-05-01T13:19:03.092471,1,output_sensor,output_sensor_0_unified.csv,7198.36,1.95,13912.04,0.0156,0.9844
2025-05-01T13:19:10.208336,1,temperature_sensor,temperature_sensor_0_unified.csv,7113.44,1.95,13899.36,0.0,0.3984
2025-05-01T13:19:13.621238,1,motor_monitor,motor_monitor_0_unified.csv,3408.99,2.35,13903.45,0.0156,0.3789
2025-05-01T13:19:20.985766,1,bale_counter,bale_counter_0_unified.csv,7361.87,1.8,13898.95,0.0,0.7188
2025-05-01T13:19:28.135706,1,output_sensor,output_sensor_0_unified.csv,7147.84,1.75,13878.94,0.0156,0.5234
2025-05-01T13:19:35.294671,1,temperature_sensor,temperature_sensor_0_unified.csv,7156.39,2.05,13880.84,0.0469,1.1016
2025-05-01T13:19:38.778900,1,motor_monitor,motor_monitor_0_unified.csv,3480.59,2.3,13888.07,0.1562,0.6367
2025-05-01T13:19:46.466960,1,bale_counter,bale_counter_0_unified.csv,7686.06,1.75,13872.35,0.0,0.8867
2025-05-01T13:19:53.938862,1,output_sensor,output_sensor_0_unified.csv,7468.93,2.25,14097.31,0.0,1.2109
2025-05-01T13:20:01.400850,1,temperature_sensor,temperature_sensor_0_unified.csv,7461.99,1.85,14033.7,0.0156,11.9375
2025-05-01T13:20:04.690274,1,motor_monitor,motor_monitor_0_unified.csv,3287.86,2.35,14026.18,0.0,4.6602
2025-05-01T13:20:12.322106,1,bale_counter,bale_counter_0_unified.csv,7629.57,1.9,14016.03,0.0,6.8008
2025-05-01T13:20:19.646839,1,output_sensor,output_sensor_0_unified.csv,7322.68,1.85,14027.91,0.0,0.5742
2025-05-01T13:20:27.350130,1,temperature_sensor,temperature_sensor_0_unified.csv,7701.77,2.0,13888.02,0.0,0.582
2025-05-01T13:20:30.639663,1,motor_monitor,motor_monitor_0_unified.csv,3288.92,2.45,13886.23,0.0,0.7031
2025-05-01T13:20:38.216992,1,bale_counter,bale_counter_0_unified.csv,7575.31,2.2,13880.4,0.0,0.5078
2025-05-01T13:20:45.734949,1,output_sensor,output_sensor_0_unified.csv,7515.24,1.85,13877.71,0.0,0.9531
2025-05-01T13:20:53.234701,1,temperature_sensor,temperature_sensor_0_unified.csv,7499.14,1.75,13893.48,0.0,0.9297
2025-05-01T13:20:56.504675,1,motor_monitor,motor_monitor_0_unified.csv,3266.98,2.25,13895.67,0.0,0.2109
2025-05-01T13:21:04.033490,1,bale_counter,bale_counter_0_unified.csv,7528.31,1.95,13896.86,0.0,1.0039
2025-05-01T13:21:11.767465,1,output_sensor,output_sensor_0_unified.csv,7731.9,1.8,13898.55,0.0,1.3359
2025-05-01T13:21:19.224056,1,temperature_sensor,temperature_sensor_0_unified.csv,7455.46,2.0,13911.38,0.0469,0.6836
2025-05-01T13:21:22.507721,1,motor_monitor,motor_monitor_0_unified.csv,3281.62,2.3,13926.05,0.0,0.6133
2025-05-01T13:21:30.041065,1,bale_counter,bale_counter_0_unified.csv,7531.33,2.1,13920.62,0.1719,0.8945
2025-05-01T13:21:37.730000,1,output_sensor,output_sensor_0_unified.csv,7686.93,1.7,13851.83,0.1406,0.75
2025-05-01T13:21:45.191613,1,temperature_sensor,temperature_sensor_0_unified.csv,7458.52,1.85,13843.81,0.0625,1.0781
2025-05-01T13:21:48.407193,1,motor_monitor,motor_monitor_0_unified.csv,3213.67,2.65,13854.3,0.0,0.668
2025-05-01T13:21:56.347980,1,bale_counter,bale_counter_0_unified.csv,7939.69,2.3,14051.52,0.125,4.5078
2025-05-01T13:22:03.727515,1,output_sensor,output_sensor_0_unified.csv,7377.63,1.8,14015.61,0.125,13.4531
2025-05-01T13:22:11.004285,1,temperature_sensor,temperature_sensor_0_unified.csv,7274.82,1.8,13964.14,0.1094,7.7109
2025-05-01T13:22:14.242409,2,motor_monitor,motor_monitor_0_unified.csv,3234.68,2.4,13978.86,0.0156,0.3008
2025-05-01T13:22:17.692372,2,motor_monitor,motor_monitor_0_unified.csv,3448.4,2.35,13984.12,0.4531,0.4844
2025-05-01T13:22:20.939385,2,motor_monitor,motor_monitor_0_unified.csv,3244.26,2.5,13992.75,0.0,0.3477
2025-05-01T13:22:28.287805,2,bale_counter,bale_counter_0_unified.csv,7346.71,1.95,13983.25,0.125,0.8047
2025-05-01T13:22:35.931381,2,output_sensor,output_sensor_0_unified.csv,7641.63,1.8,13998.24,0.0781,1.2578
2025-05-01T13:22:43.332561,2,output_sensor,output_sensor_0_unified.csv,7399.09,1.85,13822.64,0.0469,1.1328
2025-05-01T13:22:50.594949,2,output_sensor,output_sensor_0_unified.csv,7259.22,2.2,13824.25,0.1406,1.1484
2025-05-01T13:22:57.785918,2,temperature_sensor,temperature_sensor_0_unified.csv,7188.9,1.9,13854.68,0.0625,1.1328
2025-05-01T13:23:05.456809,2,temperature_sensor,temperature_sensor_0_unified.csv,7668.93,2.3,14044.53,0.0,6.0703
2025-05-01T13:23:12.773714,2,temperature_sensor,temperature_sensor_0_unified.csv,7313.83,1.7,14026.35,0.0,11.3242
2025-05-01T13:23:16.027047,2,motor_monitor,motor_monitor_0_unified.csv,3249.98,2.15,14044.02,0.0,5.832
2025-05-01T13:23:19.471220,2,motor_monitor,motor_monitor_0_unified.csv,3441.11,2.5,13989.43,0.0,0.2461
2025-05-01T13:23:22.728530,2,motor_monitor,motor_monitor_0_unified.csv,3254.93,2.35,13974.96,0.0,0.6211
2025-05-01T13:23:30.135511,2,bale_counter,bale_counter_0_unified.csv,7405.98,1.85,13976.49,0.0,0.4883
2025-05-01T13:23:37.175069,2,output_sensor,output_sensor_0_unified.csv,7038.54,2.05,13860.05,0.0,0.7422
2025-05-01T13:23:44.693753,2,output_sensor,output_sensor_0_unified.csv,7517.28,1.95,13851.93,0.1875,4.9375
2025-05-01T13:23:51.942970,2,output_sensor,output_sensor_0_unified.csv,7247.56,1.95,13889.52,0.0,0.875
2025-05-01T13:23:59.187777,2,temperature_sensor,temperature_sensor_0_unified.csv,7242.95,2.45,14012.26,0.0156,3.75
2025-05-01T13:24:06.456603,2,temperature_sensor,temperature_sensor_0_unified.csv,7266.89,1.75,13981.03,0.0,13.1953
2025-05-01T13:24:13.816268,2,temperature_sensor,temperature_sensor_0_unified.csv,7357.65,1.8,13980.94,0.7031,7.4062
2025-05-01T13:24:17.092819,2,motor_monitor,motor_monitor_0_unified.csv,3273.6,2.4,13995.67,0.0,0.4062
2025-05-01T13:24:20.363303,2,motor_monitor,motor_monitor_0_unified.csv,3267.58,2.15,14016.37,0.0,0.2852
2025-05-01T13:24:23.816652,2,motor_monitor,motor_monitor_0_unified.csv,3450.71,2.5,14002.6,0.0,0.5547
2025-05-01T13:24:31.400826,2,bale_counter,bale_counter_0_unified.csv,7581.17,1.9,13824.36,0.0,0.4219
2025-05-01T13:24:38.619038,2,output_sensor,output_sensor_0_unified.csv,7217.05,2.05,13834.23,0.0,0.4023
2025-05-01T13:24:45.946736,2,output_sensor,output_sensor_0_unified.csv,7325.89,2.0,13857.07,0.0,1.043
2025-05-01T13:24:53.419757,2,output_sensor,output_sensor_0_unified.csv,7471.36,1.9,13874.7,0.0,0.9453
2025-05-01T13:25:00.731127,2,temperature_sensor,temperature_sensor_0_unified.csv,7309.02,1.85,13898.09,0.0156,0.5234
2025-05-01T13:25:07.983651,2,temperature_sensor,temperature_sensor_0_unified.csv,7251.67,1.75,13845.95,0.0625,0.6367
2025-05-01T13:25:15.692548,2,temperature_sensor,temperature_sensor_0_unified.csv,7706.49,1.75,13850.23,0.0,1.5898
2025-05-01T13:25:18.947586,2,motor_monitor,motor_monitor_0_unified.csv,3252.9,2.3,13858.55,0.0,0.0586
2025-05-01T13:25:22.217597,2,motor_monitor,motor_monitor_0_unified.csv,3269.25,2.65,13859.91,0.0,0.6133
2025-05-01T13:25:25.622562,2,motor_monitor,motor_monitor_0_unified.csv,3402.93,2.45,13874.55,0.0,0.2227
2025-05-01T13:25:33.303977,2,bale_counter,bale_counter_0_unified.csv,7679.82,1.7,13876.71,0.0,0.8828
2025-05-01T13:25:40.688201,2,output_sensor,output_sensor_0_unified.csv,7381.36,1.8,13828.24,0.0,0.4648
2025-05-01T13:25:47.980634,2,output_sensor,output_sensor_0_unified.csv,7290.32,1.7,13847.59,0.0,0.7578
2025-05-01T13:25:55.732359,2,output_sensor,output_sensor_0_unified.csv,7748.78,2.2,14051.61,0.0,0.9766
2025-05-01T13:26:03.168710,2,temperature_sensor,temperature_sensor_0_unified.csv,7434.16,2.1,14049.73,0.0,9.9648
2025-05-01T13:26:10.473828,2,temperature_sensor,temperature_sensor_0_unified.csv,7301.97,7.45,14069.97,0.0,12.8594
2025-05-01T13:26:17.661863,2,temperature_sensor,temperature_sensor_0_unified.csv,7186.01,2.05,14032.07,0.0156,1.2695
2025-05-01T13:26:21.127873,2,motor_monitor,motor_monitor_0_unified.csv,3463.24,2.45,14042.41,0.0,0.4062
2025-05-01T13:26:24.397435,2,motor_monitor,motor_monitor_0_unified.csv,3267.28,2.5,13996.18,0.0,0.3086
2025-05-01T13:26:27.614485,2,motor_monitor,motor_monitor_0_unified.csv,3214.02,2.6,13985.57,0.0,0.1289
2025-05-01T13:26:35.452037,2,bale_counter,bale_counter_0_unified.csv,7836.55,2.15,13978.28,0.1094,1.5234
2025-05-01T13:26:42.853818,2,output_sensor,output_sensor_0_unified.csv,7400.58,2.0,14016.61,0.0,0.832
2025-05-01T13:26:50.144205,2,output_sensor,output_sensor_0_unified.csv,7287.16,1.9,14015.59,0.0,1.0156
2025-05-01T13:26:57.414571,2,output_sensor,output_sensor_0_unified.csv,7268.75,1.9,13963.04,0.0,0.9609
2025-05-01T13:27:05.079940,2,temperature_sensor,temperature_sensor_0_unified.csv,7660.75,1.75,13983.12,0.0,0.6719
2025-05-01T13:27:12.472881,2,temperature_sensor,temperature_sensor_0_unified.csv,7389.91,1.8,14002.79,0.0,0.8789
2025-05-01T13:27:19.772621,2,temperature_sensor,temperature_sensor_0_unified.csv,7298.04,1.8,13997.73,0.0,0.4531
2025-05-01T13:27:23.183307,2,motor_monitor,motor_monitor_0_unified.csv,3408.91,2.65,13951.12,0.0,0.1953
2025-05-01T13:27:26.462788,2,motor_monitor,motor_monitor_0_unified.csv,3277.41,2.6,13854.89,0.0,0.1523
2025-05-01T13:27:29.682797,2,motor_monitor,motor_monitor_0_unified.csv,3218.0,2.15,13853.83,0.0,0.1133
2025-05-01T13:27:37.059691,2,bale_counter,bale_counter_0_unified.csv,7375.3,2.05,13869.61,0.0,0.6523
2025-05-01T13:27:44.687616,2,output_sensor,output_sensor_0_unified.csv,7626.99,1.8,13893.46,0.0,0.9336
2025-05-01T13:27:52.291044,2,output_sensor,output_sensor_0_unified.csv,7601.37,2.35,13972.9,0.4922,5.4766
2025-05-01T13:27:59.816939,2,output_sensor,output_sensor_0_unified.csv,7523.67,2.15,14140.47,0.0352,4.2695
2025-05-01T13:28:07.281365,2,temperature_sensor,temperature_sensor_0_unified.csv,7462.83,2.0,14125.66,0.0,11.3906
2025-05-01T13:28:14.729862,2,temperature_sensor,temperature_sensor_0_unified.csv,7446.31,1.85,14143.81,0.0,8.6797
2025-05-01T13:28:22.086869,2,temperature_sensor,temperature_sensor_0_unified.csv,7354.97,1.95,14028.98,0.0156,1.0938
2025-05-01T13:28:25.353405,2,motor_monitor,motor_monitor_0_unified.csv,3264.44,2.4,14044.74,0.0,0.1328
2025-05-01T13:28:28.766464,2,motor_monitor,motor_monitor_0_unified.csv,3410.99,2.35,14016.68,0.0,0.3008
2025-05-01T13:28:31.989824,2,motor_monitor,motor_monitor_0_unified.csv,3221.1,2.4,14021.3,0.0,0.5156
2025-05-01T13:28:39.498304,2,bale_counter,bale_counter_0_unified.csv,7505.91,1.85,13998.62,0.0,0.5703
2025-05-01T13:28:46.819029,2,output_sensor,output_sensor_0_unified.csv,7319.05,1.75,13873.49,0.0,0.5312
2025-05-01T13:28:54.289489,2,output_sensor,output_sensor_0_unified.csv,7470.46,1.9,13875.89,0.0156,1.4727
2025-05-01T13:29:01.711959,2,output_sensor,output_sensor_0_unified.csv,7419.41,1.85,14132.77,0.0,0.9648
2025-05-01T13:29:09.066221,2,temperature_sensor,temperature_sensor_0_unified.csv,7353.23,2.05,14074.9,0.4531,12.7773
2025-05-01T13:29:16.746080,2,temperature_sensor,temperature_sensor_0_unified.csv,7677.8,1.75,14100.05,0.0,10.8438
2025-05-01T13:29:24.195798,2,temperature_sensor,temperature_sensor_0_unified.csv,7445.75,5.05,14054.25,0.0,0.6094
2025-05-01T13:29:27.456062,2,motor_monitor,motor_monitor_0_unified.csv,3258.85,2.35,14036.14,0.0,0.5781
2025-05-01T13:29:30.742598,2,motor_monitor,motor_monitor_0_unified.csv,3283.0,2.55,13922.62,0.0,0.5
2025-05-01T13:29:34.162719,2,motor_monitor,motor_monitor_0_unified.csv,3419.0,2.55,13914.3,0.0,0.1445
2025-05-01T13:29:41.719938,2,bale_counter,bale_counter_0_unified.csv,7555.14,2.15,13943.34,0.1094,1.2812
2025-05-01T13:29:49.060132,2,output_sensor,output_sensor_0_unified.csv,7338.99,1.9,13902.24,0.0786,1.1484
2025-05-01T13:29:56.498556,2,output_sensor,output_sensor_0_unified.csv,7436.43,1.7,13936.67,0.0,0.7891
2025-05-01T13:30:04.149690,2,output_sensor,output_sensor_0_unified.csv,7649.37,2.6,14090.47,0.0469,9.2148
2025-05-01T13:30:11.589660,2,temperature_sensor,temperature_sensor_0_unified.csv,7439.41,1.8,14062.94,0.0,13.3906
2025-05-01T13:30:18.916150,2,temperature_sensor,temperature_sensor_0_unified.csv,7323.29,1.8,14084.9,0.0156,5.3555
2025-05-01T13:30:26.631894,2,temperature_sensor,temperature_sensor_0_unified.csv,7714.23,1.9,14097.96,0.0469,1.457
2025-05-01T13:30:29.898484,2,motor_monitor,motor_monitor_0_unified.csv,3264.61,2.55,14026.25,0.0,1.0625
2025-05-01T13:30:33.161420,2,motor_monitor,motor_monitor_0_unified.csv,3260.87,2.7,14077.51,0.0,0.4531
2025-05-01T13:30:36.603126,2,motor_monitor,motor_monitor_0_unified.csv,3438.69,2.45,14034.1,0.0,0.2266
2025-05-01T13:30:44.356851,2,bale_counter,bale_counter_0_unified.csv,7751.01,1.7,14038.06,0.0312,6.1523
2025-05-01T13:30:51.728702,2,output_sensor,output_sensor_0_unified.csv,7369.43,1.65,13918.24,0.0156,0.5352
2025-05-01T13:30:59.137954,2,output_sensor,output_sensor_0_unified.csv,7407.62,2.35,13964.98,0.2871,2.7617
2025-05-01T13:31:06.781421,2,output_sensor,output_sensor_0_unified.csv,7641.08,1.95,13906.71,0.0,1.2539
2025-05-01T13:31:14.203338,2,temperature_sensor,temperature_sensor_0_unified.csv,7419.83,1.7,13964.79,0.0938,1.8008
2025-05-01T13:31:21.650077,2,temperature_sensor,temperature_sensor_0_unified.csv,7445.0,1.95,14085.23,0.0547,2.7773
2025-05-01T13:31:29.022812,2,temperature_sensor,temperature_sensor_0_unified.csv,7370.32,2.05,14088.78,0.4844,14.4922
2025-05-01T13:31:32.521917,2,motor_monitor,motor_monitor_0_unified.csv,3496.11,2.35,14069.98,0.0,6.9023
2025-05-01T13:31:35.787466,2,motor_monitor,motor_monitor_0_unified.csv,3264.52,2.35,14091.42,0.0,4.2969
2025-05-01T13:31:39.041978,2,motor_monitor,motor_monitor_0_unified.csv,3252.94,2.05,14031.94,0.0469,2.4766
2025-05-01T13:31:47.000231,2,bale_counter,bale_counter_0_unified.csv,7956.02,1.65,14054.2,0.0,3.1406
2025-05-01T13:31:54.505323,2,output_sensor,output_sensor_0_unified.csv,7502.62,2.05,14051.57,0.0713,1.9961
2025-05-01T13:32:01.886640,2,output_sensor,output_sensor_0_unified.csv,7379.01,1.8,14098.21,0.4492,5.3711
2025-05-01T13:32:09.320123,2,output_sensor,output_sensor_0_unified.csv,7431.47,1.75,14057.18,0.0,1.8945
2025-05-01T13:32:16.882210,2,temperature_sensor,temperature_sensor_0_unified.csv,7560.2,1.85,14043.02,0.375,0.5156
2025-05-01T13:32:24.315338,2,temperature_sensor,temperature_sensor_0_unified.csv,7431.43,1.65,14082.8,0.0,0.3984
2025-05-01T13:32:31.719115,2,temperature_sensor,temperature_sensor_0_unified.csv,7400.97,2.05,13910.11,0.0,0.543
2025-05-01T13:32:35.119900,2,motor_monitor,motor_monitor_0_unified.csv,3398.73,2.5,13917.03,0.0,0.1719
2025-05-01T13:32:38.364480,2,motor_monitor,motor_monitor_0_unified.csv,3241.91,2.55,13931.75,0.0,0.418
2025-05-01T13:32:41.616827,2,motor_monitor,motor_monitor_0_unified.csv,3249.57,2.25,13945.5,0.0,0.2656
2025-05-01T13:32:49.661780,2,bale_counter,bale_counter_0_unified.csv,8044.02,1.85,13897.91,0.0,1.9297
2025-05-01T13:32:57.152441,2,output_sensor,output_sensor_0_unified.csv,7489.66,2.0,13906.99,0.0,0.4961
2025-05-01T13:33:04.664127,2,output_sensor,output_sensor_0_unified.csv,7510.42,2.4,14084.36,0.0,6.2031
2025-05-01T13:33:12.074311,2,output_sensor,output_sensor_0_unified.csv,7409.12,2.05,14147.13,0.0391,15.6641
2025-05-01T13:33:19.840696,2,temperature_sensor,temperature_sensor_0_unified.csv,7763.87,1.7,14110.56,0.0,2.2383
2025-05-01T13:33:27.467602,2,temperature_sensor,temperature_sensor_0_unified.csv,7626.91,1.9,14106.18,0.0312,2.9883
2025-05-01T13:33:34.986735,2,temperature_sensor,temperature_sensor_0_unified.csv,7516.6,2.2,13950.84,0.6562,18.3594
2025-05-01T13:33:38.429898,2,motor_monitor,motor_monitor_0_unified.csv,3440.42,2.7,13926.52,0.0469,0.5156
2025-05-01T13:33:41.978523,2,motor_monitor,motor_monitor_0_unified.csv,3547.69,2.45,13923.07,0.0,0.8672
2025-05-01T13:33:45.266034,2,motor_monitor,motor_monitor_0_unified.csv,3287.51,2.55,13915.96,0.0,0.2422
2025-05-01T13:33:52.785910,2,bale_counter,bale_counter_0_unified.csv,7517.78,1.95,13980.15,0.0156,0.5117
2025-05-01T13:34:00.762054,2,output_sensor,output_sensor_0_unified.csv,7973.56,2.0,14115.93,0.501,2.9961
2025-05-01T13:34:08.340360,2,output_sensor,output_sensor_0_unified.csv,7575.09,1.75,14099.33,0.0469,12.4375
2025-05-01T13:34:15.808373,2,output_sensor,output_sensor_0_unified.csv,7466.94,10.25,14099.2,0.0,10.2734
2025-05-01T13:34:23.188865,2,temperature_sensor,temperature_sensor_0_unified.csv,7378.38,1.75,14065.61,0.0156,1.043
2025-05-01T13:34:30.974748,2,temperature_sensor,temperature_sensor_0_unified.csv,7784.1,1.85,14051.79,0.1406,0.8359
2025-05-01T13:34:38.480902,2,temperature_sensor,temperature_sensor_0_unified.csv,7504.6,1.85,14060.58,0.125,1.3203
2025-05-01T13:34:41.781574,2,motor_monitor,motor_monitor_0_unified.csv,3298.36,2.45,14085.66,0.0312,0.3555
2025-05-01T13:34:45.240305,2,motor_monitor,motor_monitor_0_unified.csv,3455.67,2.5,14027.77,0.0938,0.375
2025-05-01T13:34:48.510379,2,motor_monitor,motor_monitor_0_unified.csv,3268.62,2.2,14035.58,0.0469,0.375
2025-05-01T13:34:56.082529,2,bale_counter,bale_counter_0_unified.csv,7570.87,1.95,14046.08,0.0,0.7695
2025-05-01T13:35:03.699081,2,output_sensor,output_sensor_0_unified.csv,7614.96,1.95,14146.77,0.0,4.2148
2025-05-01T13:35:11.229847,2,output_sensor,output_sensor_0_unified.csv,7529.19,8.05,14073.65,0.0,11.3281
2025-05-01T13:35:18.647774,2,output_sensor,output_sensor_0_unified.csv,7416.99,1.8,14076.5,0.0,8.2383
2025-05-01T13:35:26.055819,2,temperature_sensor,temperature_sensor_0_unified.csv,7408.05,2.1,14110.46,0.0781,1.5156
2025-05-01T13:35:33.935272,2,temperature_sensor,temperature_sensor_0_unified.csv,7875.38,1.85,13905.38,0.0,2.2109
2025-05-01T13:35:41.525316,2,temperature_sensor,temperature_sensor_0_unified.csv,7588.16,1.95,13914.78,0.0156,0.8008
2025-05-01T13:35:44.813065,2,motor_monitor,motor_monitor_0_unified.csv,3283.79,27.5,13948.32,0.0,0.3711
2025-05-01T13:35:48.067011,2,motor_monitor,motor_monitor_0_unified.csv,3251.64,2.5,13907.25,0.0,0.4102
2025-05-01T13:35:51.494847,2,motor_monitor,motor_monitor_0_unified.csv,3424.86,2.5,13904.13,0.0,0.1367
2025-05-01T13:35:59.178175,2,bale_counter,bale_counter_0_unified.csv,7681.03,1.75,13936.7,0.0,0.4297
2025-05-01T13:36:06.665834,2,output_sensor,output_sensor_0_unified.csv,7486.64,2.35,14095.73,0.0156,8.4609
2025-05-01T13:36:14.241935,2,output_sensor,output_sensor_0_unified.csv,7573.48,1.95,14074.44,0.0,13.2148
2025-05-01T13:36:21.834853,2,output_sensor,output_sensor_0_unified.csv,7590.64,1.75,14091.52,0.0156,2.4844
2025-05-01T13:36:29.322168,2,temperature_sensor,temperature_sensor_0_unified.csv,7485.04,1.7,14046.07,0.0,0.6016
2025-05-01T13:36:36.736614,2,temperature_sensor,temperature_sensor_0_unified.csv,7412.88,2.0,14046.27,0.0,0.6328
2025-05-01T13:36:44.554987,2,temperature_sensor,temperature_sensor_0_unified.csv,7815.88,1.9,14058.45,0.0,0.8477
2025-05-01T13:36:47.828950,2,motor_monitor,motor_monitor_0_unified.csv,3270.93,2.45,13914.21,0.0,0.3711
2025-05-01T13:36:51.098695,2,motor_monitor,motor_monitor_0_unified.csv,3266.95,2.05,13918.11,0.0,0.3203
2025-05-01T13:36:54.553805,2,motor_monitor,motor_monitor_0_unified.csv,3454.07,2.7,13913.64,0.0,0.9414
2025-05-01T13:37:02.545384,2,bale_counter,bale_counter_0_unified.csv,7990.99,2.35,14179.3,0.0469,8.1641
2025-05-01T13:37:10.000719,2,output_sensor,output_sensor_0_unified.csv,7453.74,2.1,14103.34,0.0117,13.5156
2025-05-01T13:37:17.390945,2,output_sensor,output_sensor_0_unified.csv,7389.03,1.85,14108.68,0.0,3.2695
2025-05-01T13:37:25.137213,2,output_sensor,output_sensor_0_unified.csv,7743.69,1.85,14122.64,0.0,0.5273
2025-05-01T13:37:32.610878,2,temperature_sensor,temperature_sensor_0_unified.csv,7470.41,6.3,13919.63,0.0312,0.9648
2025-05-01T13:37:40.023302,2,temperature_sensor,temperature_sensor_0_unified.csv,7411.55,1.9,13926.73,0.0,0.8438
2025-05-01T13:37:47.387949,2,temperature_sensor,temperature_sensor_0_unified.csv,7361.67,1.7,13970.8,0.0,1.4648
2025-05-01T13:37:50.901914,2,motor_monitor,motor_monitor_0_unified.csv,3509.83,2.45,13927.22,0.0938,0.7891
2025-05-01T13:37:54.210852,2,motor_monitor,motor_monitor_0_unified.csv,3307.93,2.55,13929.91,0.0,0.2617
2025-05-01T13:37:57.457888,2,motor_monitor,motor_monitor_0_unified.csv,3245.86,2.55,13947.38,0.0,0.3359
2025-05-01T13:38:05.655384,2,bale_counter,bale_counter_0_unified.csv,8194.66,1.95,14088.57,0.0,4.6289
2025-05-01T13:38:13.212017,2,output_sensor,output_sensor_0_unified.csv,7555.59,1.9,14079.7,0.0,13.0859
2025-05-01T13:38:20.684655,2,output_sensor,output_sensor_0_unified.csv,7469.4,1.8,14106.98,0.0,6.6914
2025-05-01T13:38:28.288225,2,output_sensor,output_sensor_0_unified.csv,7603.03,1.85,14064.55,0.0,0.7422
2025-05-01T13:38:36.013132,2,temperature_sensor,temperature_sensor_0_unified.csv,7724.02,1.8,13946.7,0.0,1.0938
2025-05-01T13:38:43.523257,2,temperature_sensor,temperature_sensor_0_unified.csv,7509.1,1.6,13951.56,5.3354,1.375
2025-05-01T13:38:50.993378,2,temperature_sensor,temperature_sensor_0_unified.csv,7469.1,2.0,13917.19,0.0186,0.9727
2025-05-01T13:38:54.512520,2,motor_monitor,motor_monitor_0_unified.csv,3517.87,2.8,13930.41,0.0,1.418
2025-05-01T13:38:57.814567,2,motor_monitor,motor_monitor_0_unified.csv,3299.88,2.55,13956.54,0.2642,4.4219
2025-05-01T13:39:01.157221,2,motor_monitor,motor_monitor_0_unified.csv,3341.63,2.95,14003.79,0.085,2.0938
2025-05-01T13:39:09.381026,2,bale_counter,bale_counter_0_unified.csv,8221.77,2.1,13958.15,2.4985,2.4297
2025-05-01T13:39:17.079334,2,output_sensor,output_sensor_0_unified.csv,7697.11,1.9,13964.42,0.0078,1.4141
2025-05-01T13:39:24.568968,2,output_sensor,output_sensor_0_unified.csv,7487.46,1.75,14010.41,0.0469,1.1328
2025-05-01T13:39:31.994185,2,output_sensor,output_sensor_0_unified.csv,7421.54,1.85,13933.53,0.0,0.7227
2025-05-01T13:39:39.898365,2,temperature_sensor,temperature_sensor_0_unified.csv,7901.0,2.05,13939.5,0.0,0.6484
2025-05-01T13:39:47.537532,2,temperature_sensor,temperature_sensor_0_unified.csv,7636.48,2.0,13991.33,0.0,0.8672
2025-05-01T13:39:55.005918,2,temperature_sensor,temperature_sensor_0_unified.csv,7467.8,1.95,13948.68,0.0,0.3281
2025-05-01T13:39:58.312742,2,motor_monitor,motor_monitor_0_unified.csv,3305.87,2.45,13980.42,0.0,0.3242
2025-05-01T13:40:01.917984,2,motor_monitor,motor_monitor_0_unified.csv,3602.18,3.3,14178.23,0.0,1.9375
2025-05-01T13:40:05.233928,2,motor_monitor,motor_monitor_0_unified.csv,3314.19,2.65,14110.86,0.0,5.6211
2025-05-01T13:40:12.885689,2,bale_counter,bale_counter_0_unified.csv,7650.75,2.1,14105.11,0.0,13.2852
2025-05-01T13:40:20.781711,2,output_sensor,output_sensor_0_unified.csv,7894.48,1.8,14124.64,0.0,6.207
2025-05-01T13:40:28.391607,2,output_sensor,output_sensor_0_unified.csv,7608.52,1.75,14087.54,0.3906,0.7578
2025-05-01T13:40:35.871153,2,output_sensor,output_sensor_0_unified.csv,7479.31,1.85,14072.62,0.0625,1.5625
2025-05-01T13:40:43.332205,2,temperature_sensor,temperature_sensor_0_unified.csv,7458.83,4.9,14103.03,0.0,1.5703
2025-05-01T13:40:51.153068,2,temperature_sensor,temperature_sensor_0_unified.csv,7816.94,1.8,14042.28,0.0,0.6445
2025-05-01T13:40:58.644654,2,temperature_sensor,temperature_sensor_0_unified.csv,7490.57,1.95,13943.79,0.0,1.0664
2025-05-01T13:41:02.037735,2,motor_monitor,motor_monitor_0_unified.csv,3388.31,2.9,14192.64,0.0,0.5781
2025-05-01T13:41:05.530001,2,motor_monitor,motor_monitor_0_unified.csv,3489.9,2.85,14128.39,0.0,5.8945
2025-05-01T13:41:08.816114,2,motor_monitor,motor_monitor_0_unified.csv,3284.0,2.55,14117.36,0.0,6.2266
2025-05-01T13:41:16.438289,2,bale_counter,bale_counter_0_unified.csv,7620.92,2.0,14142.46,0.0,11.2617
2025-05-01T13:41:23.896622,2,output_sensor,output_sensor_0_unified.csv,7456.75,2.15,14095.09,0.0156,2.5508
2025-05-01T13:41:31.525737,2,output_sensor,output_sensor_0_unified.csv,7627.6,1.75,13947.74,0.0625,0.9844
2025-05-01T13:41:39.032881,2,output_sensor,output_sensor_0_unified.csv,7505.38,1.85,13965.3,0.1094,1.5508
2025-05-01T13:41:46.455079,2,temperature_sensor,temperature_sensor_0_unified.csv,7422.2,1.75,13936.14,0.0156,0.6211
2025-05-01T13:41:54.270157,2,temperature_sensor,temperature_sensor_0_unified.csv,7812.48,1.85,13929.97,0.0,0.9961
2025-05-01T13:42:01.920919,2,temperature_sensor,temperature_sensor_0_unified.csv,7648.23,2.15,14167.46,0.0,1.1836
2025-05-01T13:42:05.261097,2,motor_monitor,motor_monitor_0_unified.csv,3337.14,2.8,14097.52,0.0,3.707
2025-05-01T13:42:08.590349,2,motor_monitor,motor_monitor_0_unified.csv,3326.73,2.3,14117.59,0.0,7.1211
2025-05-01T13:42:12.051353,2,motor_monitor,motor_monitor_0_unified.csv,3459.05,10.5,14096.51,0.0,4.9531
2025-05-01T13:42:19.757644,2,bale_counter,bale_counter_0_unified.csv,7703.43,1.9,14132.75,0.0,8.2852
2025-05-01T13:42:27.111456,2,output_sensor,output_sensor_0_unified.csv,7352.52,2.0,14086.74,0.375,1.0781
2025-05-01T13:42:34.659051,2,output_sensor,output_sensor_0_unified.csv,7545.04,1.95,13952.13,0.0,0.7148
2025-05-01T13:42:42.256865,2,output_sensor,output_sensor_0_unified.csv,7597.66,1.8,13993.5,0.0,0.8203
2025-05-01T13:42:49.746769,2,temperature_sensor,temperature_sensor_0_unified.csv,7486.77,1.8,13936.52,0.0,0.8164
2025-05-01T13:42:57.075725,2,temperature_sensor,temperature_sensor_0_unified.csv,7326.96,2.0,13950.14,0.0,0.7227
2025-05-01T13:43:04.894965,2,temperature_sensor,temperature_sensor_0_unified.csv,7816.29,1.85,14001.75,0.0,0.832
2025-05-01T13:43:08.178088,2,motor_monitor,motor_monitor_0_unified.csv,3281.66,2.6,13953.06,0.0,0.8047
2025-05-01T13:43:11.457266,2,motor_monitor,motor_monitor_0_unified.csv,3278.49,2.6,13954.73,0.0,0.3789
2025-05-01T13:43:14.980046,2,motor_monitor,motor_monitor_0_unified.csv,3521.53,2.65,14000.47,0.0,0.2969
2025-05-01T13:43:22.833530,2,bale_counter,bale_counter_0_unified.csv,7850.4,1.85,13962.23,0.0,0.875
2025-05-01T13:43:30.294573,2,output_sensor,output_sensor_0_unified.csv,7457.21,1.9,13959.73,0.0,0.5781
2025-05-01T13:43:37.679637,2,output_sensor,output_sensor_0_unified.csv,7383.44,1.9,13965.96,0.0156,0.5664
2025-05-01T13:43:45.459910,2,output_sensor,output_sensor_0_unified.csv,7779.25,1.6,13927.48,0.0,1.3867
2025-05-01T13:43:52.885654,2,temperature_sensor,temperature_sensor_0_unified.csv,7423.88,1.95,13940.62,0.0,0.6758
2025-05-01T13:44:00.289651,2,temperature_sensor,temperature_sensor_0_unified.csv,7400.92,1.85,13985.74,0.0156,1.0547
2025-05-01T13:44:07.836188,2,temperature_sensor,temperature_sensor_0_unified.csv,7544.51,2.25,14135.15,0.0,4.0898
2025-05-01T13:44:11.339788,2,motor_monitor,motor_monitor_0_unified.csv,3499.48,2.25,14125.09,0.0,6.1797
2025-05-01T13:44:14.647181,2,motor_monitor,motor_monitor_0_unified.csv,3305.07,7.7,14145.58,0.0,4.8164
2025-05-01T13:44:17.932709,2,motor_monitor,motor_monitor_0_unified.csv,3285.53,2.4,14166.42,0.0,6.1211
2025-05-01T13:44:26.009857,2,bale_counter,bale_counter_0_unified.csv,8074.57,1.75,14116.35,0.0,3.5742
2025-05-01T13:44:33.593658,2,output_sensor,output_sensor_0_unified.csv,7580.05,1.65,14121.32,0.0469,0.7188
2025-05-01T13:44:41.047668,2,output_sensor,output_sensor_0_unified.csv,7451.32,1.95,14103.77,0.0,0.5586
2025-05-01T13:44:48.559568,2,output_sensor,output_sensor_0_unified.csv,7510.16,1.95,14066.66,0.0,0.9297
2025-05-01T13:44:56.269275,2,temperature_sensor,temperature_sensor_0_unified.csv,7707.31,1.75,14079.36,0.0,0.4453
2025-05-01T13:45:03.880649,2,temperature_sensor,temperature_sensor_0_unified.csv,7608.53,1.7,14023.07,0.0,1.0586
2025-05-01T13:45:11.379617,2,temperature_sensor,temperature_sensor_0_unified.csv,7496.58,1.95,13965.42,0.0,0.6719
2025-05-01T13:45:14.836399,2,motor_monitor,motor_monitor_0_unified.csv,3453.45,2.35,13975.49,0.0625,0.5859
2025-05-01T13:45:18.110152,2,motor_monitor,motor_monitor_0_unified.csv,3273.25,2.35,13935.81,0.0,0.3867
2025-05-01T13:45:21.395216,2,motor_monitor,motor_monitor_0_unified.csv,3284.02,2.3,13943.66,0.0,0.0273
2025-05-01T13:45:29.674590,2,bale_counter,bale_counter_0_unified.csv,8278.4,1.9,14128.39,0.0,1.5469
2025-05-01T13:45:37.414528,2,output_sensor,output_sensor_0_unified.csv,7737.8,1.75,14126.56,0.0,13.9609
2025-05-01T13:45:44.946429,2,output_sensor,output_sensor_0_unified.csv,7530.87,2.1,14122.91,0.125,11.5508
2025-05-01T13:45:52.402423,2,output_sensor,output_sensor_0_unified.csv,7453.92,1.7,14163.33,0.0,1.0117
2025-05-01T13:46:00.322958,2,temperature_sensor,temperature_sensor_0_unified.csv,7917.95,1.85,14066.62,0.0469,0.6914
2025-05-01T13:46:07.953732,2,temperature_sensor,temperature_sensor_0_unified.csv,7627.16,1.7,14095.34,0.0156,0.7617
2025-05-01T13:46:15.437507,2,temperature_sensor,temperature_sensor_0_unified.csv,7483.78,1.95,14107.11,0.0,1.3789
2025-05-01T13:46:18.728871,2,motor_monitor,motor_monitor_0_unified.csv,3288.72,2.3,14129.2,0.0,0.25
2025-05-01T13:46:22.190706,2,motor_monitor,motor_monitor_0_unified.csv,3460.19,2.5,14144.95,0.0039,0.4648
2025-05-01T13:46:25.535561,2,motor_monitor,motor_monitor_0_unified.csv,3340.93,2.45,14091.01,0.0938,1.9766
2025-05-01T13:46:33.172356,2,bale_counter,bale_counter_0_unified.csv,7634.35,1.8,14075.83,1.6172,1.8281
2025-05-01T13:46:41.031676,2,output_sensor,output_sensor_0_unified.csv,7859.32,1.8,14009.98,0.0,0.8516
2025-05-01T13:46:48.634687,2,output_sensor,output_sensor_0_unified.csv,7600.73,1.95,13987.44,0.0,0.8594
2025-05-01T13:46:56.158113,2,output_sensor,output_sensor_0_unified.csv,7521.15,1.9,14007.36,0.0,0.3906
2025-05-01T13:47:03.801517,2,temperature_sensor,temperature_sensor_0_unified.csv,7640.62,2.25,14116.78,0.25,7.3711
2025-05-01T13:47:11.648122,2,temperature_sensor,temperature_sensor_0_unified.csv,7844.24,1.7,14101.08,0.0,13.1797
2025-05-01T13:47:19.183988,2,temperature_sensor,temperature_sensor_0_unified.csv,7533.91,1.8,14178.34,0.6875,4.293
2025-05-01T13:47:22.489911,2,motor_monitor,motor_monitor_0_unified.csv,3302.9,5.25,14134.9,0.0156,0.4297
2025-05-01T13:47:25.947399,2,motor_monitor,motor_monitor_0_unified.csv,3454.61,2.4,14143.96,0.0,0.2109
2025-05-01T13:47:29.249244,2,motor_monitor,motor_monitor_0_unified.csv,3298.45,2.4,14152.35,0.0,0.4727
2025-05-01T13:47:36.887858,2,bale_counter,bale_counter_0_unified.csv,7636.52,1.8,14080.6,0.0,0.418
2025-05-01T13:47:44.461939,2,output_sensor,output_sensor_0_unified.csv,7572.09,5.55,13973.73,0.0,0.7617
2025-05-01T13:47:52.183172,2,output_sensor,output_sensor_0_unified.csv,7718.83,1.8,13950.55,0.0,1.9805
2025-05-01T13:47:59.722918,2,output_sensor,output_sensor_0_unified.csv,7538.08,1.9,13982.82,0.0,0.5
2025-05-01T13:48:07.274528,2,temperature_sensor,temperature_sensor_0_unified.csv,7549.65,1.9,14210.27,0.0,1.168
2025-05-01T13:48:15.295843,2,temperature_sensor,temperature_sensor_0_unified.csv,8019.3,1.85,14141.64,0.0039,12.7734
2025-05-01T13:48:22.949559,2,temperature_sensor,temperature_sensor_0_unified.csv,7653.72,1.65,14123.81,0.0,10.9336
2025-05-01T13:48:26.234355,2,motor_monitor,motor_monitor_0_unified.csv,3281.84,2.3,14092.36,0.0,1.2383
2025-05-01T13:48:29.508781,2,motor_monitor,motor_monitor_0_unified.csv,3272.49,2.55,14114.34,0.0,0.4688
2025-05-01T13:48:32.988539,2,motor_monitor,motor_monitor_0_unified.csv,3478.74,2.4,14105.93,0.0312,0.2773
2025-05-01T13:48:40.795801,2,bale_counter,bale_counter_0_unified.csv,7802.87,1.9,14056.04,0.0312,0.7734
2025-05-01T13:48:48.216441,2,output_sensor,output_sensor_0_unified.csv,7416.61,8.1,14063.99,0.0,0.8281
2025-05-01T13:48:55.869778,2,output_sensor,output_sensor_0_unified.csv,7649.88,1.8,14109.0,0.0,0.9023
2025-05-01T13:49:03.541177,2,output_sensor,output_sensor_0_unified.csv,7667.74,1.85,13980.38,0.0,1.1953
2025-05-01T13:49:11.087593,2,temperature_sensor,temperature_sensor_0_unified.csv,7544.83,1.95,13995.79,0.0,0.6133
2025-05-01T13:49:18.581034,2,temperature_sensor,temperature_sensor_0_unified.csv,7490.85,2.0,13971.71,0.0,0.6094
2025-05-01T13:49:26.486135,2,temperature_sensor,temperature_sensor_0_unified.csv,7904.02,1.75,13982.36,0.0,0.6133
2025-05-01T13:49:29.769473,2,motor_monitor,motor_monitor_0_unified.csv,3281.12,2.45,14015.59,0.0,0.3086
2025-05-01T13:49:33.078794,2,motor_monitor,motor_monitor_0_unified.csv,3306.55,2.45,13961.89,0.0,0.3359
2025-05-01T13:49:36.500445,2,motor_monitor,motor_monitor_0_unified.csv,3420.13,2.45,13961.59,0.0,0.0273
2025-05-01T13:49:44.387663,2,bale_counter,bale_counter_0_unified.csv,7885.12,1.65,14011.06,0.0781,1.6094
2025-05-01T13:49:51.862820,2,output_sensor,output_sensor_0_unified.csv,7471.71,6.9,13963.6,0.0,0.3828
2025-05-01T13:49:59.308378,2,output_sensor,output_sensor_0_unified.csv,7442.7,1.8,13988.47,0.0625,0.8633
2025-05-01T13:50:07.141616,2,output_sensor,output_sensor_0_unified.csv,7829.83,14.2,14098.81,0.0,0.9453
2025-05-01T13:50:14.807602,2,temperature_sensor,temperature_sensor_0_unified.csv,7664.01,2.1,14123.3,0.0,9.918
2025-05-01T13:50:22.312380,2,temperature_sensor,temperature_sensor_0_unified.csv,7502.76,1.7,14159.36,0.0156,13.1094
2025-05-01T13:50:29.745654,2,temperature_sensor,temperature_sensor_0_unified.csv,7431.25,1.95,14104.8,0.0938,3.4023
2025-05-01T13:50:33.257830,2,motor_monitor,motor_monitor_0_unified.csv,3509.76,2.45,14104.48,0.0,0.3672
2025-05-01T13:50:36.533430,2,motor_monitor,motor_monitor_0_unified.csv,3274.42,2.4,14093.07,0.0,0.2461
2025-05-01T13:50:39.827654,2,motor_monitor,motor_monitor_0_unified.csv,3294.22,2.35,13973.27,0.0,0.1836
2025-05-01T13:50:48.026343,2,bale_counter,bale_counter_0_unified.csv,8195.63,1.7,13999.88,0.0,0.6562
2025-05-01T13:50:55.613091,2,output_sensor,output_sensor_0_unified.csv,7584.31,1.8,13967.15,0.0,1.1094
2025-05-01T13:51:03.277225,2,output_sensor,output_sensor_0_unified.csv,7661.09,2.15,14144.3,0.0312,4.0977
2025-05-01T13:51:10.926831,2,output_sensor,output_sensor_0_unified.csv,7648.0,1.85,14174.77,0.0,10.8633
2025-05-01T13:51:18.748191,2,temperature_sensor,temperature_sensor_0_unified.csv,7821.36,1.7,14112.21,0.0,8.5977
2025-05-01T13:51:26.374074,2,temperature_sensor,temperature_sensor_0_unified.csv,7624.93,1.7,14138.8,0.0469,0.7852
2025-05-01T13:51:33.976424,2,temperature_sensor,temperature_sensor_0_unified.csv,7600.59,1.85,14007.12,0.0,0.8867
2025-05-01T13:51:37.415538,2,motor_monitor,motor_monitor_0_unified.csv,3435.66,2.5,14007.8,0.0,0.6016
2025-05-01T13:51:40.741815,2,motor_monitor,motor_monitor_0_unified.csv,3324.95,2.4,14059.23,0.0,0.3359
2025-05-01T13:51:44.070613,2,motor_monitor,motor_monitor_0_unified.csv,3327.77,2.5,13995.29,0.0,0.3477
2025-05-01T13:51:52.265322,2,bale_counter,bale_counter_0_unified.csv,8192.69,1.75,13983.12,0.0,0.6211
2025-05-01T13:52:00.052386,2,output_sensor,output_sensor_0_unified.csv,7786.54,1.95,14155.96,0.0,1.3984
2025-05-01T13:52:07.713939,2,output_sensor,output_sensor_0_unified.csv,7659.19,2.1,14233.91,0.0039,3.0859
2025-05-01T13:52:15.263280,2,output_sensor,output_sensor_0_unified.csv,7547.49,1.85,14226.01,0.3281,9.4922
2025-05-01T13:52:23.245985,2,temperature_sensor,temperature_sensor_0_unified.csv,7981.7,1.85,14175.64,0.1875,12.6719
2025-05-01T13:52:31.027220,2,temperature_sensor,temperature_sensor_0_unified.csv,7779.11,1.7,14110.02,1.4453,4.9492
2025-05-01T13:52:38.629915,2,temperature_sensor,temperature_sensor_0_unified.csv,7600.07,27.0,14147.23,0.0,0.6719
2025-05-01T13:52:41.945654,2,motor_monitor,motor_monitor_0_unified.csv,3312.2,2.5,14096.99,0.0156,0.6562
2025-05-01T13:52:45.442712,2,motor_monitor,motor_monitor_0_unified.csv,3494.06,2.35,14108.16,0.0,0.2031
2025-05-01T13:52:48.732430,2,motor_monitor,motor_monitor_0_unified.csv,3288.58,2.3,14124.96,0.0,0.1055
2025-05-01T13:52:56.394654,2,bale_counter,bale_counter_0_unified.csv,7661.37,1.9,14090.66,0.0,1.293
2025-05-01T13:53:04.411548,2,output_sensor,output_sensor_0_unified.csv,8015.9,1.65,14126.41,0.0156,1.2422
2025-05-01T13:53:12.120715,2,output_sensor,output_sensor_0_unified.csv,7706.35,1.75,14095.59,0.0,0.8945
2025-05-01T13:53:19.695914,2,output_sensor,output_sensor_0_unified.csv,7572.57,1.8,14101.22,0.332,5.125
2025-05-01T13:53:27.369260,2,temperature_sensor,temperature_sensor_0_unified.csv,7672.27,1.85,14149.0,0.0,0.7344
2025-05-01T13:53:35.128310,2,temperature_sensor,temperature_sensor_0_unified.csv,7757.03,1.8,13980.13,0.1562,1.4961
2025-05-01T13:53:42.731905,2,temperature_sensor,temperature_sensor_0_unified.csv,7602.56,1.65,14002.52,0.0,1.3008
2025-05-01T13:53:46.018455,2,motor_monitor,motor_monitor_0_unified.csv,3284.7,2.65,13987.62,0.0,0.3203
2025-05-01T13:53:49.444934,2,motor_monitor,motor_monitor_0_unified.csv,3424.53,2.55,13982.14,0.0,0.2227
2025-05-01T13:53:52.740163,2,motor_monitor,motor_monitor_0_unified.csv,3294.77,2.45,14005.07,0.0,0.2695
2025-05-01T13:54:00.478075,2,bale_counter,bale_counter_0_unified.csv,7735.87,2.3,13992.79,0.0,0.9883
2025-05-01T13:54:08.019605,2,output_sensor,output_sensor_0_unified.csv,7538.29,2.0,14007.41,0.0,0.6914
2025-05-01T13:54:15.963470,2,output_sensor,output_sensor_0_unified.csv,7942.87,2.15,14203.67,0.0,8.4766
2025-05-01T13:54:23.579788,2,output_sensor,output_sensor_0_unified.csv,7615.25,1.75,14130.45,0.0039,12.9492
2025-05-01T13:54:31.115244,2,temperature_sensor,temperature_sensor_0_unified.csv,7533.16,1.9,14147.81,0.0,2.707
2025-05-01T13:54:39.055308,2,temperature_sensor,temperature_sensor_0_unified.csv,7937.85,1.95,14088.46,0.0,0.9531
2025-05-01T13:54:46.775992,2,temperature_sensor,temperature_sensor_0_unified.csv,7716.69,1.9,14171.8,0.0,0.9102
2025-05-01T13:54:50.122972,2,motor_monitor,motor_monitor_0_unified.csv,3344.85,2.9,14201.14,0.25,3.8281
2025-05-01T13:54:53.417698,2,motor_monitor,motor_monitor_0_unified.csv,3293.79,2.25,14152.34,0.0,6.4141
2025-05-01T13:54:56.880216,2,motor_monitor,motor_monitor_0_unified.csv,3460.54,2.25,14136.87,0.0,4.7734
2025-05-01T13:55:04.602525,2,bale_counter,bale_counter_0_unified.csv,7720.04,1.85,14174.91,0.0156,8.5938
2025-05-01T13:55:12.030514,2,output_sensor,output_sensor_0_unified.csv,7424.81,1.7,14135.87,0.0,3.5859
2025-05-01T13:55:19.523001,2,output_sensor,output_sensor_0_unified.csv,7490.5,1.9,14040.25,0.0,0.6211
2025-05-01T13:55:27.233035,2,output_sensor,output_sensor_0_unified.csv,7708.49,1.75,13997.98,0.0,0.5312
2025-05-01T13:55:34.748546,2,temperature_sensor,temperature_sensor_0_unified.csv,7514.47,1.8,14009.07,0.0156,0.9023
2025-05-01T13:55:42.246303,2,temperature_sensor,temperature_sensor_0_unified.csv,7494.73,1.75,14059.97,0.0,0.8672
2025-05-01T13:55:50.138986,2,temperature_sensor,temperature_sensor_0_unified.csv,7892.1,1.85,14008.12,0.0,0.5586
2025-05-01T13:55:53.440750,2,motor_monitor,motor_monitor_0_unified.csv,3299.22,2.7,14031.29,0.0,0.1523
2025-05-01T13:55:56.755216,2,motor_monitor,motor_monitor_0_unified.csv,3311.5,2.6,14065.65,0.0,0.3438
2025-05-01T13:56:00.240012,2,motor_monitor,motor_monitor_0_unified.csv,3483.86,2.05,14049.54,0.0,0.4922
2025-05-01T13:56:08.112526,2,bale_counter,bale_counter_0_unified.csv,7871.52,1.85,14063.96,0.0,1.3438
2025-05-01T13:56:15.767967,2,output_sensor,output_sensor_0_unified.csv,7651.16,2.45,14171.29,0.4688,6.5078
2025-05-01T13:56:23.227380,2,output_sensor,output_sensor_0_unified.csv,7457.17,1.75,14155.12,0.0,12.8789
2025-05-01T13:56:31.151656,2,output_sensor,output_sensor_0_unified.csv,7920.97,1.75,14175.08,0.0312,4.9453
2025-05-01T13:56:38.801031,2,temperature_sensor,temperature_sensor_0_unified.csv,7649.37,2.05,14125.78,0.0,0.543
2025-05-01T13:56:46.371463,2,temperature_sensor,temperature_sensor_0_unified.csv,7569.0,1.85,14028.34,0.0,0.9336
2025-05-01T13:56:53.801895,2,temperature_sensor,temperature_sensor_0_unified.csv,7429.39,1.65,13986.19,0.0,1.25
2025-05-01T13:56:57.285762,2,motor_monitor,motor_monitor_0_unified.csv,3480.32,2.4,13993.82,0.0,0.125
2025-05-01T13:57:00.655300,2,motor_monitor,motor_monitor_0_unified.csv,3367.45,2.95,14230.95,0.0,0.7695
2025-05-01T13:57:03.999377,2,motor_monitor,motor_monitor_0_unified.csv,3342.25,2.8,14159.22,0.0,5.6094
2025-05-01T13:57:12.169723,2,bale_counter,bale_counter_0_unified.csv,8168.27,1.7,14197.79,0.0,11.1719
2025-05-01T13:57:19.810621,2,output_sensor,output_sensor_0_unified.csv,7638.81,1.8,14145.32,0.0625,6.5898
2025-05-01T13:57:27.285714,2,output_sensor,output_sensor_0_unified.csv,7473.16,1.75,14143.66,0.0,0.6211
2025-05-01T13:57:34.740186,2,output_sensor,output_sensor_0_unified.csv,7452.44,2.0,14050.71,0.0508,0.4922
2025-05-01T13:57:42.591061,2,temperature_sensor,temperature_sensor_0_unified.csv,7847.41,1.75,14016.57,0.0,1.6289
2025-05-01T13:57:50.202955,2,temperature_sensor,temperature_sensor_0_unified.csv,7608.89,1.9,14042.87,0.0,0.2461
2025-05-01T13:57:57.677107,2,temperature_sensor,temperature_sensor_0_unified.csv,7471.57,1.8,14008.66,0.0,0.7344
2025-05-01T13:58:01.179866,2,motor_monitor,motor_monitor_0_unified.csv,3500.83,2.85,14186.4,0.0,0.5078
2025-05-01T13:58:04.561768,2,motor_monitor,motor_monitor_0_unified.csv,3379.9,3.3,14240.87,0.0,3.957
2025-05-01T13:58:07.822965,2,motor_monitor,motor_monitor_0_unified.csv,3259.09,2.4,14185.66,0.0,4.0039
2025-05-01T13:58:15.401545,2,bale_counter,bale_counter_0_unified.csv,7577.59,1.85,14236.43,0.0,13.5312
2025-05-01T13:58:23.300835,2,output_sensor,output_sensor_0_unified.csv,7897.42,1.7,14246.87,0.0,2.7812
2025-05-01T13:58:30.953489,2,output_sensor,output_sensor_0_unified.csv,7648.64,1.8,14149.77,0.0,0.7148
2025-05-01T13:58:38.416343,2,output_sensor,output_sensor_0_unified.csv,7461.9,1.85,14174.87,0.0156,0.582
2025-05-01T13:58:46.128959,2,temperature_sensor,temperature_sensor_0_unified.csv,7710.58,2.1,14100.45,0.1836,2.2305
2025-05-01T13:58:54.003842,2,temperature_sensor,temperature_sensor_0_unified.csv,7873.26,1.8,14306.55,0.3125,3.1875
2025-05-01T13:59:01.571740,2,temperature_sensor,temperature_sensor_0_unified.csv,7565.9,1.95,14304.7,0.0,13.6914
2025-05-01T13:59:04.832232,2,motor_monitor,motor_monitor_0_unified.csv,3258.47,2.6,14246.5,0.0,4.957
2025-05-01T13:59:08.331517,2,motor_monitor,motor_monitor_0_unified.csv,3498.34,2.55,14245.79,0.0,6.0352
2025-05-01T13:59:11.627674,2,motor_monitor,motor_monitor_0_unified.csv,3293.0,2.5,14268.58,0.0,0.668
2025-05-01T13:59:19.220495,2,bale_counter,bale_counter_0_unified.csv,7591.64,1.7,14237.41,0.0,0.832
2025-05-01T13:59:26.715846,2,output_sensor,output_sensor_0_unified.csv,7493.02,1.95,14207.5,0.0,0.5312
2025-05-01T13:59:34.413934,2,output_sensor,output_sensor_0_unified.csv,7697.07,1.7,14016.09,0.0,1.3906
2025-05-01T13:59:41.949741,2,output_sensor,output_sensor_0_unified.csv,7533.06,1.8,14023.86,0.0,0.918
2025-05-01T13:59:49.363797,2,temperature_sensor,temperature_sensor_0_unified.csv,7411.48,4.95,14070.91,0.3125,1.832
2025-05-01T13:59:57.311266,2,temperature_sensor,temperature_sensor_0_unified.csv,7943.57,1.7,14033.59,0.0,1.2344
2025-05-01T14:00:05.131451,2,temperature_sensor,temperature_sensor_0_unified.csv,7819.06,1.8,14121.51,0.6406,3.3242
2025-05-01T14:00:08.453961,2,motor_monitor,motor_monitor_0_unified.csv,3317.5,2.25,14052.65,0.0,0.5156
2025-05-01T14:00:11.919537,2,motor_monitor,motor_monitor_0_unified.csv,3463.33,2.45,14097.2,0.0,0.4062
2025-05-01T14:00:15.330066,2,motor_monitor,motor_monitor_0_unified.csv,3409.49,3.35,14227.29,0.0,2.5195
2025-05-01T14:00:23.136235,2,bale_counter,bale_counter_0_unified.csv,7803.05,2.0,14198.25,0.0,14.4141
2025-05-01T14:00:30.615706,2,output_sensor,output_sensor_0_unified.csv,7477.79,14.35,14217.21,0.0,8.6953
2025-05-01T14:00:38.678007,2,output_sensor,output_sensor_0_unified.csv,8058.99,1.95,14152.14,0.0,0.793
2025-05-01T14:00:46.462836,2,output_sensor,output_sensor_0_unified.csv,7783.27,1.65,14050.68,0.0469,0.6289
2025-05-01T14:00:54.030095,2,temperature_sensor,temperature_sensor_0_unified.csv,7564.26,2.0,14018.99,0.0,0.7383
2025-05-01T14:01:01.567193,2,temperature_sensor,temperature_sensor_0_unified.csv,7534.99,1.95,14094.14,0.0781,1.1641
2025-05-01T14:01:09.524691,2,temperature_sensor,temperature_sensor_0_unified.csv,7955.62,1.75,14033.35,0.0,0.7852
2025-05-01T14:01:12.851068,2,motor_monitor,motor_monitor_0_unified.csv,3324.45,2.45,14064.27,0.0,0.2227
2025-05-01T14:01:16.195117,2,motor_monitor,motor_monitor_0_unified.csv,3340.88,2.55,14047.14,0.0469,0.418
2025-05-01T14:01:19.608198,2,motor_monitor,motor_monitor_0_unified.csv,3411.4,2.35,14063.73,0.1719,1.3516
2025-05-01T14:01:27.521025,2,bale_counter,bale_counter_0_unified.csv,7910.17,1.65,14041.81,0.2383,3.0273
2025-05-01T14:01:35.032489,2,output_sensor,output_sensor_0_unified.csv,7510.44,1.8,14044.2,0.0938,1.6094
2025-05-01T14:01:42.627381,2,output_sensor,output_sensor_0_unified.csv,7592.47,1.8,14080.03,0.0156,0.8594
2025-05-01T14:01:50.361548,2,output_sensor,output_sensor_0_unified.csv,7730.98,1.85,14054.67,0.0,0.6836
2025-05-01T14:01:57.912087,2,temperature_sensor,temperature_sensor_0_unified.csv,7547.49,2.0,14021.9,0.0,0.4609
2025-05-01T14:02:05.511457,2,temperature_sensor,temperature_sensor_0_unified.csv,7599.37,2.05,14226.05,0.0,1.4492
2025-05-01T14:02:13.482538,2,temperature_sensor,temperature_sensor_0_unified.csv,7969.22,1.8,14241.9,0.2812,15.2773
2025-05-01T14:02:16.821097,2,motor_monitor,motor_monitor_0_unified.csv,3336.31,2.5,14205.86,0.0039,4.8711
2025-05-01T14:02:20.092673,2,motor_monitor,motor_monitor_0_unified.csv,3269.06,2.15,14223.84,0.0,4.1016
2025-05-01T14:02:23.509539,2,motor_monitor,motor_monitor_0_unified.csv,3416.31,2.3,14181.99,0.375,0.3242
2025-05-01T14:02:31.492631,2,bale_counter,bale_counter_0_unified.csv,7980.2,1.65,14218.88,0.0,0.8945
2025-05-01T14:02:39.066607,2,output_sensor,output_sensor_0_unified.csv,7571.09,1.85,14147.31,0.0,0.5391
2025-05-01T14:02:46.583881,2,output_sensor,output_sensor_0_unified.csv,7516.28,1.9,14075.07,0.0156,1.1094
2025-05-01T14:02:54.532018,2,output_sensor,output_sensor_0_unified.csv,7944.84,1.75,14122.76,0.0,1.3438
2025-05-01T14:03:02.427136,2,temperature_sensor,temperature_sensor_0_unified.csv,7894.1,1.85,14231.45,0.0156,4.7695
2025-05-01T14:03:10.015921,2,temperature_sensor,temperature_sensor_0_unified.csv,7586.81,1.75,14222.29,0.0,13.1328
2025-05-01T14:03:17.527519,2,temperature_sensor,temperature_sensor_0_unified.csv,7508.42,1.9,14195.03,0.0,6.9141
2025-05-01T14:03:20.972213,2,motor_monitor,motor_monitor_0_unified.csv,3439.86,5.55,14213.82,0.0,0.4531
2025-05-01T14:03:24.253391,2,motor_monitor,motor_monitor_0_unified.csv,3280.01,2.2,14245.31,0.0,0.3555
2025-05-01T14:03:27.566070,2,motor_monitor,motor_monitor_0_unified.csv,3312.68,2.3,14198.41,0.0,0.1562
2025-05-01T14:03:35.840711,2,bale_counter,bale_counter_0_unified.csv,8271.0,1.95,14089.74,0.0,19.1953
2025-05-01T14:03:43.502077,2,output_sensor,output_sensor_0_unified.csv,7658.24,1.85,14072.55,0.0,1.168
2025-05-01T14:03:51.087089,2,output_sensor,output_sensor_0_unified.csv,7582.1,1.85,14049.07,0.0693,0.9688
2025-05-01T14:03:58.671993,2,output_sensor,output_sensor_0_unified.csv,7584.9,1.7,14057.04,0.0156,0.75
2025-05-01T14:04:06.735127,2,temperature_sensor,temperature_sensor_0_unified.csv,8059.81,1.95,14278.05,0.0,8.1055
2025-05-01T14:04:14.324210,2,temperature_sensor,temperature_sensor_0_unified.csv,7586.96,1.85,14235.91,0.0,11.1992
2025-05-01T14:04:21.836604,2,temperature_sensor,temperature_sensor_0_unified.csv,7510.72,6.75,14210.27,0.0,4.3086
2025-05-01T14:04:25.347216,2,motor_monitor,motor_monitor_0_unified.csv,3507.54,2.45,14195.64,0.0,0.5742
2025-05-01T14:04:28.640687,2,motor_monitor,motor_monitor_0_unified.csv,3291.92,2.3,14240.81,0.0,0.2695
2025-05-01T14:04:31.950980,2,motor_monitor,motor_monitor_0_unified.csv,3308.23,2.45,14164.22,0.0,0.2969
2025-05-01T14:04:39.591577,2,bale_counter,bale_counter_0_unified.csv,7639.58,1.95,14233.69,0.0,0.7305
2025-05-01T14:04:47.553444,2,output_sensor,output_sensor_0_unified.csv,7961.26,1.9,14067.7,0.0,1.6445
2025-05-01T14:04:55.172338,2,output_sensor,output_sensor_0_unified.csv,7615.2,1.65,14082.62,0.0,0.6133
2025-05-01T14:05:02.895695,2,output_sensor,output_sensor_0_unified.csv,7720.84,2.05,14253.02,0.0,4.5469
2025-05-01T14:05:10.558321,2,temperature_sensor,temperature_sensor_0_unified.csv,7658.92,2.0,14265.0,0.0,11.0117
2025-05-01T14:05:18.276037,2,temperature_sensor,temperature_sensor_0_unified.csv,7716.78,1.85,14217.42,0.0156,8.4844
2025-05-01T14:05:25.883906,2,temperature_sensor,temperature_sensor_0_unified.csv,7605.6,2.0,14239.01,0.0,0.9297
2025-05-01T14:05:29.223029,2,motor_monitor,motor_monitor_0_unified.csv,3336.01,2.15,14209.61,0.0,0.4453
2025-05-01T14:05:32.716873,2,motor_monitor,motor_monitor_0_unified.csv,3492.47,2.55,14097.18,0.0,0.5352
2025-05-01T14:05:35.962409,2,motor_monitor,motor_monitor_0_unified.csv,3244.31,2.45,14094.78,0.0,0.2695
2025-05-01T14:05:43.710230,2,bale_counter,bale_counter_0_unified.csv,7745.55,1.75,14064.4,0.1562,1.3984
2025-05-01T14:05:51.296535,2,output_sensor,output_sensor_0_unified.csv,7584.67,1.85,14108.93,0.0,0.2188
2025-05-01T14:05:59.033956,2,output_sensor,output_sensor_0_unified.csv,7734.6,1.7,14081.66,0.125,1.5
2025-05-01T14:06:06.615724,2,output_sensor,output_sensor_0_unified.csv,7581.15,1.9,14082.33,0.1172,0.8711
2025-05-01T14:06:14.136460,2,temperature_sensor,temperature_sensor_0_unified.csv,7516.68,2.0,14105.16,0.0781,1.082
2025-05-01T14:06:22.337494,2,temperature_sensor,temperature_sensor_0_unified.csv,8197.94,8.3,14274.48,0.0938,7.668
2025-05-01T14:06:30.108252,2,temperature_sensor,temperature_sensor_0_unified.csv,7768.85,1.7,14220.81,0.0625,13.5859
2025-05-01T14:06:33.427912,2,motor_monitor,motor_monitor_0_unified.csv,3317.48,2.4,14237.25,0.0,1.9414
2025-05-01T14:06:36.716982,2,motor_monitor,motor_monitor_0_unified.csv,3286.0,2.55,14234.97,0.0781,0.7891
2025-05-01T14:06:40.209701,2,motor_monitor,motor_monitor_0_unified.csv,3492.72,8.0,14220.48,0.0,0.1016
2025-05-01T14:06:48.097684,2,bale_counter,bale_counter_0_unified.csv,7884.71,1.85,14072.87,0.1562,1.1016
2025-05-01T14:06:55.656963,2,output_sensor,output_sensor_0_unified.csv,7557.37,1.85,14121.55,0.0,1.1641
2025-05-01T14:07:03.525853,2,output_sensor,output_sensor_0_unified.csv,7867.89,2.25,14332.2,0.125,1.0859
2025-05-01T14:07:11.267560,2,output_sensor,output_sensor_0_unified.csv,7740.92,1.95,14230.84,0.1562,14.5273
2025-05-01T14:07:18.838744,2,temperature_sensor,temperature_sensor_0_unified.csv,7569.23,1.7,14208.57,0.0156,8.6953
2025-05-01T14:07:26.357825,2,temperature_sensor,temperature_sensor_0_unified.csv,7516.07,1.8,14256.65,0.0781,0.7109
2025-05-01T14:07:34.314954,2,temperature_sensor,temperature_sensor_0_unified.csv,7954.48,1.75,14167.62,0.0,0.7109
2025-05-01T14:07:37.674089,2,motor_monitor,motor_monitor_0_unified.csv,3355.3,2.5,14088.6,0.0,0.1641
2025-05-01T14:07:40.986990,2,motor_monitor,motor_monitor_0_unified.csv,3310.61,2.65,14055.57,0.0,0.3906
2025-05-01T14:07:44.448056,2,motor_monitor,motor_monitor_0_unified.csv,3460.0,2.05,14084.29,0.0,0.2852
2025-05-01T14:07:52.458602,2,bale_counter,bale_counter_0_unified.csv,8009.24,1.75,14095.11,0.0156,0.5391
2025-05-01T14:08:00.035529,2,output_sensor,output_sensor_0_unified.csv,7575.57,1.8,14092.45,0.0,1.4922
2025-05-01T14:08:07.529960,2,output_sensor,output_sensor_0_unified.csv,7492.76,1.8,14161.16,0.0,0.7422
2025-05-01T14:08:15.393099,2,output_sensor,output_sensor_0_unified.csv,7862.39,1.7,14117.71,0.0,0.8359
2025-05-01T14:08:23.102334,2,temperature_sensor,temperature_sensor_0_unified.csv,7709.24,2.2,14230.75,0.0,10.125
2025-05-01T14:08:30.635577,2,temperature_sensor,temperature_sensor_0_unified.csv,7531.52,1.6,14231.06,0.0,11.3711
2025-05-01T14:08:38.094896,2,temperature_sensor,temperature_sensor_0_unified.csv,7456.68,1.75,14189.13,0.0156,4.875
2025-05-01T14:08:41.568936,2,motor_monitor,motor_monitor_0_unified.csv,3471.69,2.4,14198.66,0.0,0.4219
2025-05-01T14:08:44.905691,2,motor_monitor,motor_monitor_0_unified.csv,3335.74,2.2,14183.38,0.0,0.2578
2025-05-01T14:08:48.202574,2,motor_monitor,motor_monitor_0_unified.csv,3293.23,2.7,14090.39,0.0,0.1172
2025-05-01T14:08:56.531048,2,bale_counter,bale_counter_0_unified.csv,8327.02,1.8,14101.45,0.0039,0.6523
2025-05-01T14:09:04.278345,2,output_sensor,output_sensor_0_unified.csv,7744.09,2.0,14236.59,0.0039,4.3672
2025-05-01T14:09:11.834002,2,output_sensor,output_sensor_0_unified.csv,7552.96,1.7,14266.93,0.0,11.1055
2025-05-01T14:09:19.526841,2,output_sensor,output_sensor_0_unified.csv,7689.58,1.9,14230.57,0.0,8.3125
2025-05-01T14:09:27.283078,2,temperature_sensor,temperature_sensor_0_unified.csv,7753.76,1.65,14244.71,0.0,0.3086
2025-05-01T14:09:35.002953,2,temperature_sensor,temperature_sensor_0_unified.csv,7717.96,1.8,14067.2,0.0,0.8359
2025-05-01T14:09:42.592573,2,temperature_sensor,temperature_sensor_0_unified.csv,7585.67,1.8,14129.54,0.0,0.6055
2025-05-01T14:09:46.089466,2,motor_monitor,motor_monitor_0_unified.csv,3494.0,2.3,14087.29,0.0,0.2695
2025-05-01T14:09:49.409358,2,motor_monitor,motor_monitor_0_unified.csv,3319.89,2.5,14070.34,0.0,0.2031
2025-05-01T14:09:52.700416,2,motor_monitor,motor_monitor_0_unified.csv,3288.79,2.3,14080.09,0.0,0.1172
2025-05-01T14:10:01.104856,2,bale_counter,bale_counter_0_unified.csv,8402.41,1.9,14320.73,0.0156,2.0703
2025-05-01T14:10:08.920756,2,output_sensor,output_sensor_0_unified.csv,7813.83,1.8,14252.17,0.0,11.8203
2025-05-01T14:10:16.616303,2,output_sensor,output_sensor_0_unified.csv,7691.65,1.75,14267.62,0.0039,13.0742
2025-05-01T14:10:24.156785,2,output_sensor,output_sensor_0_unified.csv,7538.15,1.8,14203.39,0.0312,0.9961
2025-05-01T14:10:32.147479,2,temperature_sensor,temperature_sensor_0_unified.csv,7988.72,1.8,14202.88,0.0,0.9492
2025-05-01T14:10:39.832036,2,temperature_sensor,temperature_sensor_0_unified.csv,7682.5,1.65,14223.06,0.0039,0.4297
2025-05-01T14:10:47.395047,2,temperature_sensor,temperature_sensor_0_unified.csv,7559.63,1.65,14069.78,0.0,1.2656
2025-05-01T14:10:50.720678,2,motor_monitor,motor_monitor_0_unified.csv,3321.93,2.4,14094.86,0.0,0.3164
2025-05-01T14:10:54.198578,2,motor_monitor,motor_monitor_0_unified.csv,3476.14,2.35,14053.4,0.0,0.1758
2025-05-01T14:10:57.501413,2,motor_monitor,motor_monitor_0_unified.csv,3301.32,2.4,14070.05,0.0,0.1562
2025-05-01T14:11:05.366827,2,bale_counter,bale_counter_0_unified.csv,7863.17,2.2,14265.89,0.0469,6.6797
2025-05-01T14:11:13.333977,2,output_sensor,output_sensor_0_unified.csv,7964.79,1.7,14213.24,0.1758,13.4648
2025-05-01T14:11:20.995701,2,output_sensor,output_sensor_0_unified.csv,7659.53,1.8,14214.46,0.0156,4.8398
2025-05-01T14:11:28.583647,2,output_sensor,output_sensor_0_unified.csv,7585.9,1.7,14254.32,0.0,0.7188
2025-05-01T14:11:36.078076,2,temperature_sensor,temperature_sensor_0_unified.csv,7491.25,1.75,14183.03,0.0,0.5977
2025-05-01T14:11:44.128084,2,temperature_sensor,temperature_sensor_0_unified.csv,8046.78,1.8,14092.09,0.0156,1.6172
2025-05-01T14:11:51.792718,2,temperature_sensor,temperature_sensor_0_unified.csv,7662.42,1.85,14063.61,0.0,0.3438
2025-05-01T14:11:55.075759,2,motor_monitor,motor_monitor_0_unified.csv,3280.47,2.6,14072.58,0.0,0.4375
2025-05-01T14:11:58.578137,2,motor_monitor,motor_monitor_0_unified.csv,3498.97,10.05,14106.19,0.0,0.375
2025-05-01T14:12:01.924555,2,motor_monitor,motor_monitor_0_unified.csv,3344.37,2.3,14095.21,0.0,0.6914
2025-05-01T14:12:09.819422,2,bale_counter,bale_counter_0_unified.csv,7892.87,2.0,14309.45,0.0,5.1445
2025-05-01T14:12:17.483075,2,output_sensor,output_sensor_0_unified.csv,7661.65,1.75,14338.98,0.0,13.2969
2025-05-01T14:12:25.474580,2,output_sensor,output_sensor_0_unified.csv,7989.19,1.55,14281.54,0.3125,6.4609
2025-05-01T14:12:33.152899,2,output_sensor,output_sensor_0_unified.csv,7675.34,1.85,14303.59,0.0781,0.7266
2025-05-01T14:12:40.761298,2,temperature_sensor,temperature_sensor_0_unified.csv,7607.03,1.85,14188.25,0.0,0.5
2025-05-01T14:12:48.988324,2,temperature_sensor,temperature_sensor_0_unified.csv,8223.89,6.45,14076.93,0.0,1.3516
2025-05-01T14:12:56.930679,2,temperature_sensor,temperature_sensor_0_unified.csv,7939.7,2.05,14099.37,0.0156,0.6406
2025-05-01T14:13:00.247708,2,motor_monitor,motor_monitor_0_unified.csv,3315.48,2.45,14085.66,0.0156,0.7188
2025-05-01T14:13:03.570496,2,motor_monitor,motor_monitor_0_unified.csv,3320.49,2.55,14134.9,0.0,0.4258
2025-05-01T14:13:07.048819,2,motor_monitor,motor_monitor_0_unified.csv,3478.04,2.55,14122.99,0.0,0.293
2025-05-01T14:13:14.938500,2,bale_counter,bale_counter_0_unified.csv,7886.89,1.65,14078.41,0.0,0.8867
2025-05-01T14:13:22.417461,2,output_sensor,output_sensor_0_unified.csv,7477.11,1.7,14108.47,0.0,0.6562
2025-05-01T14:13:29.969732,2,output_sensor,output_sensor_0_unified.csv,7551.49,1.65,14057.38,0.0156,0.5508
2025-05-01T14:13:37.759220,2,output_sensor,output_sensor_0_unified.csv,7787.64,1.7,14073.16,0.0,0.6641
2025-05-01T14:13:45.359743,2,temperature_sensor,temperature_sensor_0_unified.csv,7598.66,1.7,14102.34,0.0664,0.8828
2025-05-01T14:13:52.865122,2,temperature_sensor,temperature_sensor_0_unified.csv,7502.98,2.05,14086.97,0.0,0.8477
2025-05-01T14:14:00.996089,2,temperature_sensor,temperature_sensor_0_unified.csv,8128.03,1.9,14288.68,0.0039,0.9219
2025-05-01T14:14:04.360722,2,motor_monitor,motor_monitor_0_unified.csv,3361.13,5.4,14246.28,0.0,3.9023
2025-05-01T14:14:07.663334,2,motor_monitor,motor_monitor_0_unified.csv,3300.52,2.2,14252.19,0.0625,4.5078
2025-05-01T14:14:11.151981,2,motor_monitor,motor_monitor_0_unified.csv,3486.24,2.2,14254.54,0.0,6.6758
2025-05-01T14:14:19.136846,2,bale_counter,bale_counter_0_unified.csv,7984.29,1.65,14212.3,0.0156,8.4102
2025-05-01T14:14:26.777186,2,output_sensor,output_sensor_0_unified.csv,7637.49,1.65,14210.02,0.0,0.6055
2025-05-01T14:14:34.274913,2,output_sensor,output_sensor_0_unified.csv,7495.18,2.1,14238.34,0.0,0.5
2025-05-01T14:14:42.328931,2,output_sensor,output_sensor_0_unified.csv,8052.98,1.8,14199.25,0.0,1.1719
2025-05-01T14:14:49.985852,2,temperature_sensor,temperature_sensor_0_unified.csv,7654.87,1.8,14102.75,0.0156,0.6016
2025-05-01T14:14:57.627336,2,temperature_sensor,temperature_sensor_0_unified.csv,7640.54,1.75,14060.45,0.0,0.832
2025-05-01T14:15:05.323164,2,temperature_sensor,temperature_sensor_0_unified.csv,7693.08,2.1,14255.18,0.0,6.2266
2025-05-01T14:15:08.812133,2,motor_monitor,motor_monitor_0_unified.csv,3486.55,2.3,14271.26,0.0156,4.4531
2025-05-01T14:15:12.132613,2,motor_monitor,motor_monitor_0_unified.csv,3317.38,2.6,14229.63,0.0,6.8711
2025-05-01T14:15:15.391794,2,motor_monitor,motor_monitor_0_unified.csv,3257.11,2.45,14224.54,0.0,4.2539
2025-05-01T14:15:23.765214,2,bale_counter,bale_counter_0_unified.csv,8372.23,1.65,14275.58,0.0156,2.5156
2025-05-01T14:15:31.540344,2,output_sensor,output_sensor_0_unified.csv,7774.28,1.65,14231.11,0.0625,1.0977
2025-05-01T14:15:39.185549,2,output_sensor,output_sensor_0_unified.csv,7642.22,1.9,14257.33,0.0,1.0391
2025-05-01T14:15:46.775064,2,output_sensor,output_sensor_0_unified.csv,7587.47,1.75,14083.88,0.0,0.8242
2025-05-01T14:15:54.742766,2,temperature_sensor,temperature_sensor_0_unified.csv,7966.48,1.8,14089.01,0.0,0.5391
2025-05-01T14:16:02.569014,2,temperature_sensor,temperature_sensor_0_unified.csv,7824.15,2.05,14360.19,0.0312,3.2031
2025-05-01T14:16:10.143847,2,temperature_sensor,temperature_sensor_0_unified.csv,7574.31,51.95,14262.73,0.0,12.1797
2025-05-01T14:16:13.615579,2,motor_monitor,motor_monitor_0_unified.csv,3468.8,2.45,14274.36,0.0,6.5742
2025-05-01T14:16:16.935485,2,motor_monitor,motor_monitor_0_unified.csv,3317.63,2.2,14218.0,0.0,4.0938
2025-05-01T14:16:20.246701,2,motor_monitor,motor_monitor_0_unified.csv,3309.1,2.35,14230.31,0.0156,0.4258
2025-05-01T14:16:27.984808,2,bale_counter,bale_counter_0_unified.csv,7737.18,2.1,14264.77,0.2656,3.1719
2025-05-01T14:16:36.044642,2,output_sensor,output_sensor_0_unified.csv,8058.81,1.85,14201.84,0.0,0.6836
2025-05-01T14:16:43.761377,2,output_sensor,output_sensor_0_unified.csv,7715.29,1.7,14195.83,0.0156,1.1289
2025-05-01T14:16:51.444679,2,output_sensor,output_sensor_0_unified.csv,7682.49,1.85,14127.47,0.0,0.5664
2025-05-01T14:16:59.161041,2,temperature_sensor,temperature_sensor_0_unified.csv,7714.82,1.9,14090.52,0.0,0.3984
2025-05-01T14:17:07.141474,2,temperature_sensor,temperature_sensor_0_unified.csv,7977.49,2.1,14281.79,0.1719,8.7266
2025-05-01T14:17:14.774184,2,temperature_sensor,temperature_sensor_0_unified.csv,7629.8,1.8,14229.58,0.8906,14.2852
2025-05-01T14:17:18.100488,2,motor_monitor,motor_monitor_0_unified.csv,3324.54,2.45,14240.14,0.0156,2.1406
2025-05-01T14:17:21.601740,2,motor_monitor,motor_monitor_0_unified.csv,3499.3,2.45,14253.81,0.0156,0.5273
2025-05-01T14:17:24.973711,2,motor_monitor,motor_monitor_0_unified.csv,3369.6,2.25,14213.09,0.0679,0.5859
2025-05-01T14:17:32.793606,2,bale_counter,bale_counter_0_unified.csv,7817.45,1.9,14252.36,0.0,0.8008
2025-05-01T14:17:40.416089,2,output_sensor,output_sensor_0_unified.csv,7622.48,2.0,14071.66,0.0,1.1836
2025-05-01T14:17:48.256523,2,output_sensor,output_sensor_0_unified.csv,7837.62,1.65,14078.79,0.0,0.5898
2025-05-01T14:17:55.936756,2,output_sensor,output_sensor_0_unified.csv,7677.01,1.7,14116.43,0.0156,0.668
2025-05-01T14:18:03.618636,2,temperature_sensor,temperature_sensor_0_unified.csv,7678.85,1.95,14111.36,0.0,0.9258
2025-05-01T14:18:11.673915,2,temperature_sensor,temperature_sensor_0_unified.csv,8054.11,1.85,14136.17,0.0,0.6836
2025-05-01T14:18:19.421328,2,temperature_sensor,temperature_sensor_0_unified.csv,7745.46,1.75,14100.36,0.0,0.7773
2025-05-01T14:18:22.879085,2,motor_monitor,motor_monitor_0_unified.csv,3455.97,3.25,14286.17,0.0,0.3711
2025-05-01T14:18:26.399150,2,motor_monitor,motor_monitor_0_unified.csv,3518.52,2.8,14306.21,0.0625,5.543
2025-05-01T14:18:29.723771,2,motor_monitor,motor_monitor_0_unified.csv,3323.03,2.35,14225.88,0.0,6.1289
2025-05-01T14:18:37.557571,2,bale_counter,bale_counter_0_unified.csv,7830.67,1.7,14242.42,0.0,11.1758
2025-05-01T14:18:45.070168,2,output_sensor,output_sensor_0_unified.csv,7509.27,11.9,14212.6,0.0156,2.6602
2025-05-01T14:18:53.051145,2,output_sensor,output_sensor_0_unified.csv,7978.89,1.7,14211.65,0.0,0.3086
2025-05-01T14:19:00.925103,2,output_sensor,output_sensor_0_unified.csv,7872.03,2.05,14297.63,0.0156,1.3398
2025-05-01T14:19:08.579172,2,temperature_sensor,temperature_sensor_0_unified.csv,7652.13,2.2,14273.81,0.0156,9.6641
2025-05-01T14:19:16.172747,2,temperature_sensor,temperature_sensor_0_unified.csv,7591.06,1.65,14261.67,0.0,13.0312
2025-05-01T14:19:24.209021,2,temperature_sensor,temperature_sensor_0_unified.csv,8033.59,1.75,14238.32,0.0,0.7422
2025-05-01T14:19:27.526631,2,motor_monitor,motor_monitor_0_unified.csv,3314.78,2.6,14261.16,0.0,0.0898
2025-05-01T14:19:30.860182,2,motor_monitor,motor_monitor_0_unified.csv,3331.2,2.6,14215.43,0.0,0.375
2025-05-01T14:19:34.317453,2,motor_monitor,motor_monitor_0_unified.csv,3455.32,2.55,14104.11,0.0,0.1641
2025-05-01T14:19:42.361999,2,bale_counter,bale_counter_0_unified.csv,8042.46,1.75,14074.1,0.0156,1.4297
2025-05-01T14:19:49.941695,2,output_sensor,output_sensor_0_unified.csv,7576.33,1.9,14092.91,0.0,0.3359
2025-05-01T14:19:57.651885,2,output_sensor,output_sensor_0_unified.csv,7708.15,1.75,14124.02,0.0,0.7734
2025-05-01T14:20:05.438331,2,output_sensor,output_sensor_0_unified.csv,7785.45,1.85,14138.39,0.0781,1.1719
2025-05-01T14:20:13.121339,2,temperature_sensor,temperature_sensor_0_unified.csv,7680.21,1.85,14124.34,0.0,0.8984
2025-05-01T14:20:20.670005,2,temperature_sensor,temperature_sensor_0_unified.csv,7547.42,1.85,14120.96,0.0156,0.4336
2025-05-01T14:20:28.867829,2,temperature_sensor,temperature_sensor_0_unified.csv,8195.54,2.1,14330.21,0.0156,8.5586
2025-05-01T14:20:32.161104,2,motor_monitor,motor_monitor_0_unified.csv,3289.49,2.45,14288.48,0.0,6.4648
2025-05-01T14:20:35.495690,2,motor_monitor,motor_monitor_0_unified.csv,3333.25,2.4,14312.48,0.0,4.2734
2025-05-01T14:20:38.920160,2,motor_monitor,motor_monitor_0_unified.csv,3421.48,5.3,14271.49,0.0,3.9414
2025-05-01T14:20:46.998945,2,bale_counter,bale_counter_0_unified.csv,8077.22,1.7,14290.85,0.0,1.0117
2025-05-01T14:20:54.657437,2,output_sensor,output_sensor_0_unified.csv,7656.99,1.9,14094.39,0.0156,0.3633
2025-05-01T14:21:02.235591,2,output_sensor,output_sensor_0_unified.csv,7575.45,1.7,14155.16,0.0,1.1523
2025-05-01T14:21:10.310897,2,output_sensor,output_sensor_0_unified.csv,8072.84,1.85,14109.12,0.0,0.7148
2025-05-01T14:21:18.051551,2,temperature_sensor,temperature_sensor_0_unified.csv,7739.48,1.7,14131.38,0.0,0.4766
2025-05-01T14:21:25.689163,2,temperature_sensor,temperature_sensor_0_unified.csv,7634.67,1.9,14104.61,0.0,1.1172
2025-05-01T14:21:33.241806,2,temperature_sensor,temperature_sensor_0_unified.csv,7550.62,1.75,14163.96,0.0156,0.5938
2025-05-01T14:21:36.761151,2,motor_monitor,motor_monitor_0_unified.csv,3517.21,2.45,14102.34,0.0,0.418
2025-05-01T14:21:40.096589,2,motor_monitor,motor_monitor_0_unified.csv,3334.87,2.35,14126.69,0.0,0.4531
2025-05-01T14:21:43.381337,2,motor_monitor,motor_monitor_0_unified.csv,3282.23,2.45,14143.89,0.0312,0.6133
2025-05-01T14:21:51.724942,2,bale_counter,bale_counter_0_unified.csv,8341.59,1.85,14109.23,0.0,0.6484
2025-05-01T14:21:59.421626,2,output_sensor,output_sensor_0_unified.csv,7694.68,1.9,14095.97,0.0,0.4922
2025-05-01T14:22:07.231217,2,output_sensor,output_sensor_0_unified.csv,7806.53,2.45,14274.3,0.0156,9.0352
2025-05-01T14:22:14.840307,2,output_sensor,output_sensor_0_unified.csv,7607.01,10.05,14303.25,0.0,13.918
2025-05-01T14:22:22.881061,2,temperature_sensor,temperature_sensor_0_unified.csv,8038.84,1.85,14271.8,0.3906,2.2773
2025-05-01T14:22:30.555826,2,temperature_sensor,temperature_sensor_0_unified.csv,7672.22,1.95,14223.7,0.0312,0.6992
2025-05-01T14:22:38.212249,2,temperature_sensor,temperature_sensor_0_unified.csv,7653.97,1.8,14229.14,0.0156,0.6562
2025-05-01T14:22:41.722630,2,motor_monitor,motor_monitor_0_unified.csv,3508.79,2.4,14256.49,0.0,0.5078
2025-05-01T14:22:45.068177,2,motor_monitor,motor_monitor_0_unified.csv,3344.03,2.6,14238.86,0.0,0.3594
2025-05-01T14:22:48.344373,2,motor_monitor,motor_monitor_0_unified.csv,3273.81,2.75,14260.23,0.0,0.1094
2025-05-01T14:22:56.083345,2,bale_counter,bale_counter_0_unified.csv,7735.69,1.85,14232.3,0.0156,0.5
2025-05-01T14:23:04.242480,2,output_sensor,output_sensor_0_unified.csv,8157.35,2.3,14304.79,0.0156,4.6719
2025-05-01T14:23:11.910548,2,output_sensor,output_sensor_0_unified.csv,7666.07,1.55,14249.08,0.0,12.8633
2025-05-01T14:23:19.569001,2,output_sensor,output_sensor_0_unified.csv,7655.66,1.85,14301.36,0.0,6.6914
2025-05-01T14:23:27.536673,2,temperature_sensor,temperature_sensor_0_unified.csv,7966.67,1.7,14258.88,0.0156,0.5234
2025-05-01T14:23:35.271243,2,temperature_sensor,temperature_sensor_0_unified.csv,7732.19,1.75,14244.69,0.0,0.6875
2025-05-01T14:23:42.898822,2,temperature_sensor,temperature_sensor_0_unified.csv,7624.3,1.8,14208.15,0.0625,1.4922
2025-05-01T14:23:46.223097,2,motor_monitor,motor_monitor_0_unified.csv,3322.24,2.25,14266.72,0.0,0.1719
2025-05-01T14:23:49.689981,2,motor_monitor,motor_monitor_0_unified.csv,3464.86,2.25,14217.05,0.0,0.4219
2025-05-01T14:23:52.961330,2,motor_monitor,motor_monitor_0_unified.csv,3269.37,2.3,14216.45,0.0,0.2109
2025-05-01T14:24:00.771136,2,bale_counter,bale_counter_0_unified.csv,7808.38,1.8,14288.64,0.0,0.8672
2025-05-01T14:24:08.810092,2,output_sensor,output_sensor_0_unified.csv,8035.65,1.65,14270.24,0.0,0.7812
2025-05-01T14:24:16.591898,2,output_sensor,output_sensor_0_unified.csv,7779.53,5.95,14237.44,0.0,0.7305
2025-05-01T14:24:24.220873,2,output_sensor,output_sensor_0_unified.csv,7626.29,1.7,14234.71,0.0,0.2891
2025-05-01T14:24:31.845088,2,temperature_sensor,temperature_sensor_0_unified.csv,7621.57,1.85,14252.74,0.0,0.9883
2025-05-01T14:24:39.971108,2,temperature_sensor,temperature_sensor_0_unified.csv,8122.87,1.85,14234.35,0.0,0.4922
2025-05-01T14:24:47.722816,2,temperature_sensor,temperature_sensor_0_unified.csv,7748.14,1.9,14190.89,0.0,1.1523
2025-05-01T14:24:51.020325,2,motor_monitor,motor_monitor_0_unified.csv,3293.18,2.5,14208.3,0.0,0.1562
2025-05-01T14:24:54.509190,2,motor_monitor,motor_monitor_0_unified.csv,3485.76,2.35,14137.82,0.0,0.3672
2025-05-01T14:24:57.875431,2,motor_monitor,motor_monitor_0_unified.csv,3363.21,2.35,14088.93,0.0,0.1719
2025-05-01T14:25:05.764872,2,bale_counter,bale_counter_0_unified.csv,7887.25,1.65,14160.5,0.0,1.1797
2025-05-01T14:25:13.363510,2,output_sensor,output_sensor_0_unified.csv,7595.89,1.8,14126.16,0.0,0.7656
2025-05-01T14:25:21.436633,2,output_sensor,output_sensor_0_unified.csv,8069.87,1.6,14146.08,0.0,0.6641
2025-05-01T14:25:29.241090,2,output_sensor,output_sensor_0_unified.csv,7803.0,1.8,14144.02,0.0,0.918
2025-05-01T14:25:36.957026,2,temperature_sensor,temperature_sensor_0_unified.csv,7713.61,1.7,14150.78,0.0,0.8711
2025-05-01T14:25:44.719783,2,temperature_sensor,temperature_sensor_0_unified.csv,7760.99,1.85,14103.32,0.0,0.7852
2025-05-01T14:25:52.548601,2,temperature_sensor,temperature_sensor_0_unified.csv,7826.14,1.8,14129.87,0.0,0.5508
